"ticker","name","date","open","high","low","close","adjusted close","volume"
"CSTA","Constellation Acquisition Corp I Class A Ordinary Shares","2021-05-03 09:30:00-04:00",9.729999542236328,9.81999969482422,9.729999542236328,9.81999969482422,9.81999969482422,0
"CSTA","Constellation Acquisition Corp I Class A Ordinary Shares","2021-05-03 10:30:00-04:00",9.81999969482422,9.81999969482422,9.75,9.81999969482422,9.81999969482422,5872
"CSTA","Constellation Acquisition Corp I Class A Ordinary Shares","2021-05-03 11:30:00-04:00",9.850000381469728,9.850000381469728,9.81999969482422,9.81999969482422,9.81999969482422,340
"CSTA","Constellation Acquisition Corp I Class A Ordinary Shares","2021-05-03 12:30:00-04:00",9.760899543762209,9.760899543762209,9.760899543762209,9.760899543762209,9.760899543762209,110
"CSTA","Constellation Acquisition Corp I Class A Ordinary Shares","2021-05-03 13:30:00-04:00",9.75,9.75,9.75,9.75,9.75,372
"CSTA","Constellation Acquisition Corp I Class A Ordinary Shares","2021-05-03 14:30:00-04:00",9.8100004196167,9.81999969482422,9.8100004196167,9.81999969482422,9.81999969482422,1470
"CSTA","Constellation Acquisition Corp I Class A Ordinary Shares","2021-05-03 15:30:00-04:00",9.81999969482422,9.81999969482422,9.81999969482422,9.81999969482422,9.81999969482422,3470
"CSTA","Constellation Acquisition Corp I Class A Ordinary Shares","2021-05-04 13:30:00-04:00",9.800000190734863,9.800000190734863,9.779999732971191,9.779999732971191,9.779999732971191,221
"CSTA","Constellation Acquisition Corp I Class A Ordinary Shares","2021-05-05 10:30:00-04:00",9.75,9.75,9.75,9.75,9.75,0
"CSTA","Constellation Acquisition Corp I Class A Ordinary Shares","2021-05-05 11:30:00-04:00",9.789999961853027,9.829999923706056,9.789999961853027,9.829999923706056,9.829999923706056,1880
"CSTA","Constellation Acquisition Corp I Class A Ordinary Shares","2021-05-05 12:30:00-04:00",9.829999923706056,9.829999923706056,9.829999923706056,9.829999923706056,9.829999923706056,232
"CSTA","Constellation Acquisition Corp I Class A Ordinary Shares","2021-05-07 09:30:00-04:00",9.880000114440918,9.880000114440918,9.880000114440918,9.880000114440918,9.880000114440918,0
"CSTA","Constellation Acquisition Corp I Class A Ordinary Shares","2021-05-10 09:30:00-04:00",9.880000114440918,9.880000114440918,9.75,9.75,9.75,1262
"CSTA","Constellation Acquisition Corp I Class A Ordinary Shares","2021-05-10 10:30:00-04:00",9.740099906921388,9.75,9.739999771118164,9.75,9.75,2801
"CSTA","Constellation Acquisition Corp I Class A Ordinary Shares","2021-05-10 15:30:00-04:00",9.75,9.75,9.739999771118164,9.739999771118164,9.739999771118164,540
"CSTA","Constellation Acquisition Corp I Class A Ordinary Shares","2021-05-11 09:30:00-04:00",9.739999771118164,9.75,9.729999542236328,9.75,9.75,0
"CSTA","Constellation Acquisition Corp I Class A Ordinary Shares","2021-05-11 10:30:00-04:00",9.760000228881836,9.779999732971191,9.75,9.779999732971191,9.779999732971191,3805
"CSTA","Constellation Acquisition Corp I Class A Ordinary Shares","2021-05-11 11:30:00-04:00",9.779999732971191,9.8100004196167,9.753899574279783,9.8100004196167,9.8100004196167,1622
"CSTA","Constellation Acquisition Corp I Class A Ordinary Shares","2021-05-11 15:30:00-04:00",9.800000190734863,9.800000190734863,9.774999618530272,9.789999961853027,9.789999961853027,1281
"CSTA","Constellation Acquisition Corp I Class A Ordinary Shares","2021-05-12 13:30:00-04:00",9.800000190734863,9.800000190734863,9.789999961853027,9.789999961853027,9.789999961853027,600
"CSTA","Constellation Acquisition Corp I Class A Ordinary Shares","2021-05-12 14:30:00-04:00",9.829999923706056,9.84000015258789,9.829999923706056,9.84000015258789,9.84000015258789,2025
"CSTA","Constellation Acquisition Corp I Class A Ordinary Shares","2021-05-12 15:30:00-04:00",9.850000381469728,9.850000381469728,9.800000190734863,9.800000190734863,9.800000190734863,329
"CSTA","Constellation Acquisition Corp I Class A Ordinary Shares","2021-05-13 09:30:00-04:00",9.920000076293944,9.920000076293944,9.920000076293944,9.920000076293944,9.920000076293944,0
"CSTA","Constellation Acquisition Corp I Class A Ordinary Shares","2021-05-13 10:30:00-04:00",9.800000190734863,9.850000381469728,9.800000190734863,9.850000381469728,9.850000381469728,12865
"CSTA","Constellation Acquisition Corp I Class A Ordinary Shares","2021-05-13 11:30:00-04:00",9.850000381469728,9.850000381469728,9.850000381469728,9.850000381469728,9.850000381469728,700
"CSTA","Constellation Acquisition Corp I Class A Ordinary Shares","2021-05-13 12:30:00-04:00",9.800000190734863,9.800000190734863,9.800000190734863,9.800000190734863,9.800000190734863,483
"CSTA","Constellation Acquisition Corp I Class A Ordinary Shares","2021-05-13 13:30:00-04:00",9.800000190734863,9.800000190734863,9.800000190734863,9.800000190734863,9.800000190734863,124
"CSTA","Constellation Acquisition Corp I Class A Ordinary Shares","2021-05-13 15:30:00-04:00",9.850000381469728,9.850000381469728,9.800000190734863,9.800000190734863,9.800000190734863,298
"CSTA","Constellation Acquisition Corp I Class A Ordinary Shares","2021-05-14 09:30:00-04:00",9.75,9.75,9.75,9.75,9.75,0
"CSTA","Constellation Acquisition Corp I Class A Ordinary Shares","2021-05-14 10:30:00-04:00",9.800000190734863,9.800000190734863,9.800000190734863,9.800000190734863,9.800000190734863,400
"CSTA","Constellation Acquisition Corp I Class A Ordinary Shares","2021-05-14 11:30:00-04:00",9.84000015258789,9.859999656677246,9.84000015258789,9.859999656677246,9.859999656677246,5612
"CSTA","Constellation Acquisition Corp I Class A Ordinary Shares","2021-05-14 12:30:00-04:00",9.859999656677246,9.859999656677246,9.80500030517578,9.859999656677246,9.859999656677246,4706
"CSTA","Constellation Acquisition Corp I Class A Ordinary Shares","2021-05-14 13:30:00-04:00",9.869999885559082,9.869999885559082,9.869999885559082,9.869999885559082,9.869999885559082,500
"CSTA","Constellation Acquisition Corp I Class A Ordinary Shares","2021-05-14 14:30:00-04:00",9.869999885559082,9.869999885559082,9.869999885559082,9.869999885559082,9.869999885559082,100
"CSTA","Constellation Acquisition Corp I Class A Ordinary Shares","2021-05-14 15:30:00-04:00",9.869999885559082,9.869999885559082,9.869999885559082,9.869999885559082,9.869999885559082,100
"CSTA","Constellation Acquisition Corp I Class A Ordinary Shares","2021-05-17 09:30:00-04:00",9.739999771118164,9.739999771118164,9.739999771118164,9.739999771118164,9.739999771118164,0
"CSTA","Constellation Acquisition Corp I Class A Ordinary Shares","2021-05-17 10:30:00-04:00",9.8149995803833,10.020000457763672,9.8149995803833,9.880000114440918,9.880000114440918,30203
"CSTA","Constellation Acquisition Corp I Class A Ordinary Shares","2021-05-17 11:30:00-04:00",9.850000381469728,9.890000343322754,9.850000381469728,9.890000343322754,9.890000343322754,2995
"CSTA","Constellation Acquisition Corp I Class A Ordinary Shares","2021-05-17 12:30:00-04:00",9.890000343322754,9.890000343322754,9.854999542236328,9.890000343322754,9.890000343322754,1149
"CSTA","Constellation Acquisition Corp I Class A Ordinary Shares","2021-05-17 13:30:00-04:00",9.854999542236328,9.890000343322754,9.854999542236328,9.854999542236328,9.854999542236328,903
"CSTA","Constellation Acquisition Corp I Class A Ordinary Shares","2021-05-17 15:30:00-04:00",9.890000343322754,9.890000343322754,9.829999923706056,9.829999923706056,9.829999923706056,372
"CSTA","Constellation Acquisition Corp I Class A Ordinary Shares","2021-05-18 09:30:00-04:00",9.850000381469728,9.850000381469728,9.75,9.760000228881836,9.760000228881836,0
"CSTA","Constellation Acquisition Corp I Class A Ordinary Shares","2021-05-18 10:30:00-04:00",9.760000228881836,9.850000381469728,9.760000228881836,9.760000228881836,9.760000228881836,1200
"CSTA","Constellation Acquisition Corp I Class A Ordinary Shares","2021-05-18 11:30:00-04:00",9.760000228881836,9.760000228881836,9.760000228881836,9.760000228881836,9.760000228881836,500
"CSTA","Constellation Acquisition Corp I Class A Ordinary Shares","2021-05-18 12:30:00-04:00",9.760000228881836,9.760000228881836,9.760000228881836,9.760000228881836,9.760000228881836,300
"CSTA","Constellation Acquisition Corp I Class A Ordinary Shares","2021-05-18 13:30:00-04:00",9.760000228881836,9.850000381469728,9.760000228881836,9.760000228881836,9.760000228881836,400
"CSTA","Constellation Acquisition Corp I Class A Ordinary Shares","2021-05-18 14:30:00-04:00",9.760000228881836,9.760000228881836,9.75,9.75,9.75,600
"CSTA","Constellation Acquisition Corp I Class A Ordinary Shares","2021-05-18 15:30:00-04:00",9.850000381469728,9.850000381469728,9.75,9.760000228881836,9.760000228881836,985
"CSTA","Constellation Acquisition Corp I Class A Ordinary Shares","2021-05-19 09:30:00-04:00",9.75,9.75,9.75,9.75,9.75,0
"CSTA","Constellation Acquisition Corp I Class A Ordinary Shares","2021-05-19 15:30:00-04:00",9.760000228881836,9.760000228881836,9.75,9.75,9.75,410
"CSTA","Constellation Acquisition Corp I Class A Ordinary Shares","2021-05-20 14:30:00-04:00",9.847000122070312,9.847000122070312,9.847000122070312,9.847000122070312,9.847000122070312,285
"CSTA","Constellation Acquisition Corp I Class A Ordinary Shares","2021-05-21 10:30:00-04:00",9.760000228881836,9.760000228881836,9.760000228881836,9.760000228881836,9.760000228881836,0
"CSTA","Constellation Acquisition Corp I Class A Ordinary Shares","2021-05-21 14:30:00-04:00",9.75,9.75,9.75,9.75,9.75,104
"CSTA","Constellation Acquisition Corp I Class A Ordinary Shares","2021-05-21 15:30:00-04:00",9.75,9.75,9.75,9.75,9.75,400
"CSTA","Constellation Acquisition Corp I Class A Ordinary Shares","2021-05-25 14:30:00-04:00",9.765999794006348,9.770000457763672,9.765999794006348,9.770000457763672,9.770000457763672,200
"CSTA","Constellation Acquisition Corp I Class A Ordinary Shares","2021-05-26 09:30:00-04:00",9.800000190734863,9.800000190734863,9.779999732971191,9.800000190734863,9.800000190734863,1293
"CSTA","Constellation Acquisition Corp I Class A Ordinary Shares","2021-05-26 14:30:00-04:00",9.774999618530272,9.800000190734863,9.770000457763672,9.800000190734863,9.800000190734863,900
"CSTA","Constellation Acquisition Corp I Class A Ordinary Shares","2021-05-26 15:30:00-04:00",9.800000190734863,9.800000190734863,9.789999961853027,9.789999961853027,9.789999961853027,387
"CSTA","Constellation Acquisition Corp I Class A Ordinary Shares","2021-05-27 09:30:00-04:00",9.760000228881836,9.760000228881836,9.75,9.75,9.75,1354
"CSTA","Constellation Acquisition Corp I Class A Ordinary Shares","2021-05-27 10:30:00-04:00",9.75,9.75,9.75,9.75,9.75,300
"CSTA","Constellation Acquisition Corp I Class A Ordinary Shares","2021-05-27 11:30:00-04:00",9.75,9.75,9.720000267028809,9.75,9.75,13952
"CSTA","Constellation Acquisition Corp I Class A Ordinary Shares","2021-05-27 12:30:00-04:00",9.75,9.75,9.710000038146973,9.710000038146973,9.710000038146973,10720
"CSTA","Constellation Acquisition Corp I Class A Ordinary Shares","2021-05-27 13:30:00-04:00",9.75,9.75,9.75,9.75,9.75,1200
"CSTA","Constellation Acquisition Corp I Class A Ordinary Shares","2021-05-27 14:30:00-04:00",9.75,9.75,9.75,9.75,9.75,600
"CSTA","Constellation Acquisition Corp I Class A Ordinary Shares","2021-05-27 15:30:00-04:00",9.75,9.75,9.75,9.75,9.75,100
"CSTA","Constellation Acquisition Corp I Class A Ordinary Shares","2021-05-28 09:30:00-04:00",9.68000030517578,9.68000030517578,9.68000030517578,9.68000030517578,9.68000030517578,0
"CSTA","Constellation Acquisition Corp I Class A Ordinary Shares","2021-05-28 13:30:00-04:00",9.75,9.75,9.739800453186035,9.739800453186035,9.739800453186035,1249
"CSTA","Constellation Acquisition Corp I Class A Ordinary Shares","2021-05-28 14:30:00-04:00",9.800000190734863,9.800000190734863,9.800000190734863,9.800000190734863,9.800000190734863,100
"CSTA","Constellation Acquisition Corp I Class A Ordinary Shares","2021-05-28 15:30:00-04:00",9.779999732971191,9.779999732971191,9.779999732971191,9.779999732971191,9.779999732971191,100
"CSTA","Constellation Acquisition Corp I Class A Ordinary Shares","2021-06-01 09:30:00-04:00",9.8100004196167,9.8100004196167,9.8100004196167,9.8100004196167,9.8100004196167,0
"CSTA","Constellation Acquisition Corp I Class A Ordinary Shares","2021-06-01 10:30:00-04:00",9.8100004196167,9.8100004196167,9.8100004196167,9.8100004196167,9.8100004196167,1260
"CSTA","Constellation Acquisition Corp I Class A Ordinary Shares","2021-06-01 11:30:00-04:00",9.81999969482422,9.81999969482422,9.8100004196167,9.8100004196167,9.8100004196167,1289
"CSTA","Constellation Acquisition Corp I Class A Ordinary Shares","2021-06-02 09:30:00-04:00",9.8100004196167,9.8100004196167,9.8100004196167,9.8100004196167,9.8100004196167,0
"CSTA","Constellation Acquisition Corp I Class A Ordinary Shares","2021-06-02 11:30:00-04:00",9.789999961853027,9.789999961853027,9.789999961853027,9.789999961853027,9.789999961853027,1277
"CSTA","Constellation Acquisition Corp I Class A Ordinary Shares","2021-06-02 12:30:00-04:00",9.789999961853027,9.789999961853027,9.789999961853027,9.789999961853027,9.789999961853027,780
"CSTA","Constellation Acquisition Corp I Class A Ordinary Shares","2021-06-02 14:30:00-04:00",9.8100004196167,9.8100004196167,9.8100004196167,9.8100004196167,9.8100004196167,510
"CSTA","Constellation Acquisition Corp I Class A Ordinary Shares","2021-06-02 15:30:00-04:00",9.8100004196167,9.8100004196167,9.8100004196167,9.8100004196167,9.8100004196167,470
"CSTA","Constellation Acquisition Corp I Class A Ordinary Shares","2021-06-03 10:30:00-04:00",9.760000228881836,9.760000228881836,9.723099708557127,9.723099708557127,9.723099708557127,112
"CSTA","Constellation Acquisition Corp I Class A Ordinary Shares","2021-06-04 12:30:00-04:00",9.8100004196167,9.8100004196167,9.8100004196167,9.8100004196167,9.8100004196167,289
"CSTA","Constellation Acquisition Corp I Class A Ordinary Shares","2021-06-04 14:30:00-04:00",9.8100004196167,9.8100004196167,9.8100004196167,9.8100004196167,9.8100004196167,100
"CSTA","Constellation Acquisition Corp I Class A Ordinary Shares","2021-06-07 12:30:00-04:00",9.8100004196167,9.8100004196167,9.800000190734863,9.800000190734863,9.800000190734863,150
"CSTA","Constellation Acquisition Corp I Class A Ordinary Shares","2021-06-07 13:30:00-04:00",9.729999542236328,9.729999542236328,9.729999542236328,9.729999542236328,9.729999542236328,300
"CSTA","Constellation Acquisition Corp I Class A Ordinary Shares","2021-06-07 14:30:00-04:00",9.75,9.75,9.75,9.75,9.75,100
"CSTA","Constellation Acquisition Corp I Class A Ordinary Shares","2021-06-09 11:30:00-04:00",9.704999923706056,9.710000038146973,9.699999809265137,9.710000038146973,9.710000038146973,9418
"CSTA","Constellation Acquisition Corp I Class A Ordinary Shares","2021-06-09 13:30:00-04:00",9.725000381469728,9.725000381469728,9.710000038146973,9.720000267028809,9.720000267028809,652
"CSTA","Constellation Acquisition Corp I Class A Ordinary Shares","2021-06-09 15:30:00-04:00",9.729999542236328,9.729999542236328,9.729999542236328,9.729999542236328,9.729999542236328,0
"CSTA","Constellation Acquisition Corp I Class A Ordinary Shares","2021-06-09 16:00:00-04:00",9.75,11.44,9.75,9.81,9.81,0
"CSTA","Constellation Acquisition Corp I Class A Ordinary Shares","2021-06-10 09:30:00-04:00",9.8100004196167,9.8100004196167,9.760000228881836,9.760000228881836,9.760000228881836,1567
"CSTA","Constellation Acquisition Corp I Class A Ordinary Shares","2021-06-10 12:30:00-04:00",9.720000267028809,9.720000267028809,9.720000267028809,9.720000267028809,9.720000267028809,350
"CSTA","Constellation Acquisition Corp I Class A Ordinary Shares","2021-06-10 13:30:00-04:00",9.720000267028809,9.74250030517578,9.720000267028809,9.739999771118164,9.739999771118164,10946
"CSTA","Constellation Acquisition Corp I Class A Ordinary Shares","2021-06-10 14:30:00-04:00",9.739999771118164,9.739999771118164,9.65999984741211,9.734999656677246,9.734999656677246,3694
"CSTA","Constellation Acquisition Corp I Class A Ordinary Shares","2021-06-10 15:30:00-04:00",9.734999656677246,9.739999771118164,9.734999656677246,9.739999771118164,9.739999771118164,3000
"CSTA","Constellation Acquisition Corp I Class A Ordinary Shares","2021-06-11 10:30:00-04:00",9.760000228881836,9.760000228881836,9.710000038146973,9.760000228881836,9.760000228881836,0
"CSTA","Constellation Acquisition Corp I Class A Ordinary Shares","2021-06-11 11:30:00-04:00",9.760000228881836,9.760000228881836,9.760000228881836,9.760000228881836,9.760000228881836,150
"CSTA","Constellation Acquisition Corp I Class A Ordinary Shares","2021-06-11 12:30:00-04:00",9.789999961853027,9.81999969482422,9.789999961853027,9.8100004196167,9.8100004196167,7388
"CSTA","Constellation Acquisition Corp I Class A Ordinary Shares","2021-06-11 15:30:00-04:00",9.8100004196167,9.899999618530272,9.8100004196167,9.899999618530272,9.899999618530272,2402
"CSTA","Constellation Acquisition Corp I Class A Ordinary Shares","2021-06-14 09:30:00-04:00",9.81999969482422,9.81999969482422,9.81999969482422,9.81999969482422,9.81999969482422,0
"CSTA","Constellation Acquisition Corp I Class A Ordinary Shares","2021-06-15 09:30:00-04:00",9.81999969482422,9.81999969482422,9.8149995803833,9.8149995803833,9.8149995803833,6049
"CSTA","Constellation Acquisition Corp I Class A Ordinary Shares","2021-06-15 10:30:00-04:00",9.9399995803833,9.9399995803833,9.789999961853027,9.789999961853027,9.789999961853027,1511
"CSTA","Constellation Acquisition Corp I Class A Ordinary Shares","2021-06-15 11:30:00-04:00",9.75,9.81999969482422,9.720000267028809,9.81999969482422,9.81999969482422,8118
"CSTA","Constellation Acquisition Corp I Class A Ordinary Shares","2021-06-15 12:30:00-04:00",9.81999969482422,9.81999969482422,9.81999969482422,9.81999969482422,9.81999969482422,325
"CSTA","Constellation Acquisition Corp I Class A Ordinary Shares","2021-06-15 15:30:00-04:00",9.81999969482422,9.81999969482422,9.81999969482422,9.81999969482422,9.81999969482422,100
"CSTA","Constellation Acquisition Corp I Class A Ordinary Shares","2021-06-16 12:30:00-04:00",9.760000228881836,9.760000228881836,9.760000228881836,9.760000228881836,9.760000228881836,1
"CSTA","Constellation Acquisition Corp I Class A Ordinary Shares","2021-06-17 09:30:00-04:00",9.789999961853027,9.789999961853027,9.789999961853027,9.789999961853027,9.789999961853027,247
"CSTA","Constellation Acquisition Corp I Class A Ordinary Shares","2021-06-17 11:30:00-04:00",9.75,9.789999961853027,9.729999542236328,9.75,9.75,800
"CSTA","Constellation Acquisition Corp I Class A Ordinary Shares","2021-06-17 13:30:00-04:00",9.789999961853027,9.789999961853027,9.789999961853027,9.789999961853027,9.789999961853027,100
"CSTA","Constellation Acquisition Corp I Class A Ordinary Shares","2021-06-17 15:30:00-04:00",9.789999961853027,9.81999969482422,9.75,9.81999969482422,9.81999969482422,11600
"CSTA","Constellation Acquisition Corp I Class A Ordinary Shares","2021-06-17 16:00:00-04:00",9.79,9.79,9.79,9.79,9.79,1361
"CSTA","Constellation Acquisition Corp I Class A Ordinary Shares","2021-06-18 09:30:00-04:00",9.869999885559082,9.949999809265137,9.850000381469728,9.859999656677246,9.859999656677246,6612
"CSTA","Constellation Acquisition Corp I Class A Ordinary Shares","2021-06-18 10:30:00-04:00",9.770000457763672,9.850000381469728,9.699999809265137,9.84000015258789,9.84000015258789,1730
"CSTA","Constellation Acquisition Corp I Class A Ordinary Shares","2021-06-18 11:30:00-04:00",9.81999969482422,9.81999969482422,9.760000228881836,9.760000228881836,9.760000228881836,6100
"CSTA","Constellation Acquisition Corp I Class A Ordinary Shares","2021-06-18 12:30:00-04:00",9.760000228881836,9.760000228881836,9.760000228881836,9.760000228881836,9.760000228881836,500
"CSTA","Constellation Acquisition Corp I Class A Ordinary Shares","2021-06-18 15:30:00-04:00",9.75,9.75,9.710000038146973,9.710000038146973,9.710000038146973,483
"CSTA","Constellation Acquisition Corp I Class A Ordinary Shares","2021-06-18 16:00:00-04:00",9.8,9.8,9.8,9.8,9.8,500
"CSTA","Constellation Acquisition Corp I Class A Ordinary Shares","2021-06-21 10:30:00-04:00",9.8100004196167,9.8100004196167,9.789999961853027,9.789999961853027,9.789999961853027,0
"CSTA","Constellation Acquisition Corp I Class A Ordinary Shares","2021-06-21 15:30:00-04:00",9.869999885559082,9.869999885559082,9.869999885559082,9.869999885559082,9.869999885559082,123
"CSTA","Constellation Acquisition Corp I Class A Ordinary Shares","2021-06-22 10:30:00-04:00",9.864999771118164,9.864999771118164,9.864999771118164,9.864999771118164,9.864999771118164,382
"CSTA","Constellation Acquisition Corp I Class A Ordinary Shares","2021-06-22 12:30:00-04:00",9.790599822998049,9.790599822998049,9.790599822998049,9.790599822998049,9.790599822998049,152
"CSTA","Constellation Acquisition Corp I Class A Ordinary Shares","2021-06-22 13:30:00-04:00",9.850000381469728,9.850000381469728,9.850000381469728,9.850000381469728,9.850000381469728,100
"CSTA","Constellation Acquisition Corp I Class A Ordinary Shares","2021-06-22 15:30:00-04:00",9.81999969482422,9.81999969482422,9.81999969482422,9.81999969482422,9.81999969482422,100
"CSTA","Constellation Acquisition Corp I Class A Ordinary Shares","2021-06-23 10:30:00-04:00",9.869999885559082,9.869999885559082,9.869999885559082,9.869999885559082,9.869999885559082,0
"CSTA","Constellation Acquisition Corp I Class A Ordinary Shares","2021-06-23 15:30:00-04:00",9.789999961853027,9.789999961853027,9.720000267028809,9.729999542236328,9.729999542236328,1979
"CSTA","Constellation Acquisition Corp I Class A Ordinary Shares","2021-06-24 09:30:00-04:00",9.710000038146973,9.710000038146973,9.710000038146973,9.710000038146973,9.710000038146973,0
"CSTA","Constellation Acquisition Corp I Class A Ordinary Shares","2021-06-24 10:30:00-04:00",9.760000228881836,9.779999732971191,9.75,9.75,9.75,2800
"CSTA","Constellation Acquisition Corp I Class A Ordinary Shares","2021-06-24 11:30:00-04:00",9.779999732971191,9.779999732971191,9.779999732971191,9.779999732971191,9.779999732971191,121
"CSTA","Constellation Acquisition Corp I Class A Ordinary Shares","2021-06-24 14:30:00-04:00",9.779999732971191,9.779999732971191,9.779999732971191,9.779999732971191,9.779999732971191,100
"CSTA","Constellation Acquisition Corp I Class A Ordinary Shares","2021-06-25 09:30:00-04:00",9.779999732971191,9.779999732971191,9.779999732971191,9.779999732971191,9.779999732971191,0
"CSTA","Constellation Acquisition Corp I Class A Ordinary Shares","2021-06-25 13:30:00-04:00",9.810999870300291,9.810999870300291,9.810999870300291,9.810999870300291,9.810999870300291,103
"CSTA","Constellation Acquisition Corp I Class A Ordinary Shares","2021-06-25 14:30:00-04:00",9.78499984741211,9.78499984741211,9.78499984741211,9.78499984741211,9.78499984741211,100
"CSTA","Constellation Acquisition Corp I Class A Ordinary Shares","2021-06-25 15:30:00-04:00",9.850000381469728,9.850000381469728,9.850000381469728,9.850000381469728,9.850000381469728,100
"CSTA","Constellation Acquisition Corp I Class A Ordinary Shares","2021-06-28 09:30:00-04:00",9.710000038146973,9.710000038146973,9.710000038146973,9.710000038146973,9.710000038146973,0
"CSTA","Constellation Acquisition Corp I Class A Ordinary Shares","2021-06-28 11:30:00-04:00",9.75,9.75,9.75,9.75,9.75,187669
"CSTA","Constellation Acquisition Corp I Class A Ordinary Shares","2021-06-28 13:30:00-04:00",9.729999542236328,9.770000457763672,9.729999542236328,9.770000457763672,9.770000457763672,848
"CSTA","Constellation Acquisition Corp I Class A Ordinary Shares","2021-06-28 15:30:00-04:00",9.760000228881836,9.760000228881836,9.729999542236328,9.729999542236328,9.729999542236328,594
"CSTA","Constellation Acquisition Corp I Class A Ordinary Shares","2021-06-29 09:30:00-04:00",9.770000457763672,9.770000457763672,9.770000457763672,9.770000457763672,9.770000457763672,0
"CSTA","Constellation Acquisition Corp I Class A Ordinary Shares","2021-06-29 11:30:00-04:00",9.710000038146973,9.710000038146973,9.710000038146973,9.710000038146973,9.710000038146973,601
"CSTA","Constellation Acquisition Corp I Class A Ordinary Shares","2021-06-29 14:30:00-04:00",9.789999961853027,9.789999961853027,9.789999961853027,9.789999961853027,9.789999961853027,100
"CSTA","Constellation Acquisition Corp I Class A Ordinary Shares","2021-06-29 15:30:00-04:00",9.779999732971191,9.779999732971191,9.779999732971191,9.779999732971191,9.779999732971191,100
"CSTA","Constellation Acquisition Corp I Class A Ordinary Shares","2021-06-29 16:00:00-04:00",9.73,9.73,9.73,9.73,9.73,102
"CSTA","Constellation Acquisition Corp I Class A Ordinary Shares","2021-07-01 09:30:00-04:00",9.800000190734863,9.800000190734863,9.710000038146973,9.720000267028809,9.720000267028809,0
"CSTA","Constellation Acquisition Corp I Class A Ordinary Shares","2021-07-01 10:30:00-04:00",9.755000114440918,9.789999961853027,9.729999542236328,9.729999542236328,9.729999542236328,300
"CSTA","Constellation Acquisition Corp I Class A Ordinary Shares","2021-07-01 11:30:00-04:00",9.789999961853027,9.789999961853027,9.755000114440918,9.755000114440918,9.755000114440918,262
"CSTA","Constellation Acquisition Corp I Class A Ordinary Shares","2021-07-01 12:30:00-04:00",9.755000114440918,9.789999961853027,9.729999542236328,9.789999961853027,9.789999961853027,1389
"CSTA","Constellation Acquisition Corp I Class A Ordinary Shares","2021-07-01 13:30:00-04:00",9.729999542236328,9.779999732971191,9.729999542236328,9.779999732971191,9.779999732971191,900
"CSTA","Constellation Acquisition Corp I Class A Ordinary Shares","2021-07-01 15:30:00-04:00",9.75,9.75,9.710000038146973,9.710000038146973,9.710000038146973,400
"CSTA","Constellation Acquisition Corp I Class A Ordinary Shares","2021-07-02 09:30:00-04:00",9.729999542236328,9.869999885559082,9.710000038146973,9.78499984741211,9.78499984741211,2332
"CSTA","Constellation Acquisition Corp I Class A Ordinary Shares","2021-07-02 10:30:00-04:00",9.710000038146973,9.78499984741211,9.710000038146973,9.78499984741211,9.78499984741211,1014
"CSTA","Constellation Acquisition Corp I Class A Ordinary Shares","2021-07-02 11:30:00-04:00",9.78499984741211,9.78499984741211,9.78499984741211,9.78499984741211,9.78499984741211,471
"CSTA","Constellation Acquisition Corp I Class A Ordinary Shares","2021-07-02 13:30:00-04:00",9.710000038146973,9.710000038146973,9.710000038146973,9.710000038146973,9.710000038146973,100
"CSTA","Constellation Acquisition Corp I Class A Ordinary Shares","2021-07-02 14:30:00-04:00",9.710000038146973,9.779999732971191,9.710000038146973,9.779999732971191,9.779999732971191,4554
"CSTA","Constellation Acquisition Corp I Class A Ordinary Shares","2021-07-02 15:30:00-04:00",9.710000038146973,9.779999732971191,9.710000038146973,9.760000228881836,9.760000228881836,3301
"CSTA","Constellation Acquisition Corp I Class A Ordinary Shares","2021-07-06 09:30:00-04:00",9.729999542236328,9.729999542236328,9.729999542236328,9.729999542236328,9.729999542236328,0
"CSTA","Constellation Acquisition Corp I Class A Ordinary Shares","2021-07-06 10:30:00-04:00",9.710000038146973,9.710000038146973,9.710000038146973,9.710000038146973,9.710000038146973,268
"CSTA","Constellation Acquisition Corp I Class A Ordinary Shares","2021-07-06 15:30:00-04:00",9.789999961853027,9.789999961853027,9.720000267028809,9.720000267028809,9.720000267028809,400
"CSTA","Constellation Acquisition Corp I Class A Ordinary Shares","2021-07-07 09:30:00-04:00",9.670000076293944,9.720000267028809,9.670000076293944,9.720000267028809,9.720000267028809,669
"CSTA","Constellation Acquisition Corp I Class A Ordinary Shares","2021-07-07 10:30:00-04:00",9.6899995803833,9.699999809265137,9.6899995803833,9.699999809265137,9.699999809265137,300
"CSTA","Constellation Acquisition Corp I Class A Ordinary Shares","2021-07-07 11:30:00-04:00",9.6899995803833,9.720000267028809,9.6899995803833,9.720000267028809,9.720000267028809,434
"CSTA","Constellation Acquisition Corp I Class A Ordinary Shares","2021-07-07 12:30:00-04:00",9.6899995803833,9.6899995803833,9.6899995803833,9.6899995803833,9.6899995803833,300
"CSTA","Constellation Acquisition Corp I Class A Ordinary Shares","2021-07-07 14:30:00-04:00",9.720000267028809,9.720000267028809,9.720000267028809,9.720000267028809,9.720000267028809,100
"CSTA","Constellation Acquisition Corp I Class A Ordinary Shares","2021-07-07 15:30:00-04:00",9.720000267028809,9.720000267028809,9.720000267028809,9.720000267028809,9.720000267028809,100
"CSTA","Constellation Acquisition Corp I Class A Ordinary Shares","2021-07-08 11:30:00-04:00",9.710000038146973,9.779999732971191,9.699999809265137,9.779999732971191,9.779999732971191,120
"CSTA","Constellation Acquisition Corp I Class A Ordinary Shares","2021-07-08 15:30:00-04:00",9.789999961853027,9.789999961853027,9.699999809265137,9.739999771118164,9.739999771118164,703
"CSTA","Constellation Acquisition Corp I Class A Ordinary Shares","2021-07-09 11:30:00-04:00",9.710000038146973,9.710000038146973,9.699999809265137,9.699999809265137,9.699999809265137,0
"CSTA","Constellation Acquisition Corp I Class A Ordinary Shares","2021-07-09 12:30:00-04:00",9.710000038146973,9.779999732971191,9.699999809265137,9.779999732971191,9.779999732971191,1704
"CSTA","Constellation Acquisition Corp I Class A Ordinary Shares","2021-07-09 13:30:00-04:00",9.770000457763672,9.770000457763672,9.770000457763672,9.770000457763672,9.770000457763672,132
"CSTA","Constellation Acquisition Corp I Class A Ordinary Shares","2021-07-09 14:30:00-04:00",9.699999809265137,9.720000267028809,9.670000076293944,9.699999809265137,9.699999809265137,36018
"CSTA","Constellation Acquisition Corp I Class A Ordinary Shares","2021-07-09 15:30:00-04:00",9.6899995803833,9.720000267028809,9.670000076293944,9.710000038146973,9.710000038146973,4224
"CSTA","Constellation Acquisition Corp I Class A Ordinary Shares","2021-07-09 16:00:00-04:00",9.68,9.68,9.68,9.68,9.68,100
"CSTA","Constellation Acquisition Corp I Class A Ordinary Shares","2021-07-12 09:30:00-04:00",9.75,9.75,9.720000267028809,9.75,9.75,0
"CSTA","Constellation Acquisition Corp I Class A Ordinary Shares","2021-07-12 15:30:00-04:00",9.729999542236328,9.729999542236328,9.729999542236328,9.729999542236328,9.729999542236328,174
"CSTA","Constellation Acquisition Corp I Class A Ordinary Shares","2021-07-15 09:30:00-04:00",9.699999809265137,9.699999809265137,9.699999809265137,9.699999809265137,9.699999809265137,0
"CSTA","Constellation Acquisition Corp I Class A Ordinary Shares","2021-07-16 09:30:00-04:00",9.720000267028809,9.720000267028809,9.720000267028809,9.720000267028809,9.720000267028809,0
"CSTA","Constellation Acquisition Corp I Class A Ordinary Shares","2021-07-19 09:30:00-04:00",9.699999809265137,9.699999809265137,9.65999984741211,9.699999809265137,9.699999809265137,1889
"CSTA","Constellation Acquisition Corp I Class A Ordinary Shares","2021-07-19 10:30:00-04:00",9.720000267028809,9.720000267028809,9.699999809265137,9.720000267028809,9.720000267028809,2554
"CSTA","Constellation Acquisition Corp I Class A Ordinary Shares","2021-07-19 11:30:00-04:00",9.69499969482422,9.699999809265137,9.670000076293944,9.699999809265137,9.699999809265137,1301
"CSTA","Constellation Acquisition Corp I Class A Ordinary Shares","2021-07-19 14:30:00-04:00",9.699999809265137,9.800000190734863,9.699999809265137,9.760000228881836,9.760000228881836,5272
"CSTA","Constellation Acquisition Corp I Class A Ordinary Shares","2021-07-19 15:30:00-04:00",9.760000228881836,9.760000228881836,9.760000228881836,9.760000228881836,9.760000228881836,400
"CSTA","Constellation Acquisition Corp I Class A Ordinary Shares","2021-07-20 15:30:00-04:00",9.739999771118164,9.800000190734863,9.699999809265137,9.699999809265137,9.699999809265137,8789
"CSTA","Constellation Acquisition Corp I Class A Ordinary Shares","2021-07-21 09:30:00-04:00",9.699999809265137,9.699999809265137,9.699999809265137,9.699999809265137,9.699999809265137,0
"CSTA","Constellation Acquisition Corp I Class A Ordinary Shares","2021-07-21 16:00:00-04:00",9.7,9.7,9.7,9.7,9.7,124998
"CSTA","Constellation Acquisition Corp I Class A Ordinary Shares","2021-07-22 09:30:00-04:00",9.699999809265137,9.699999809265137,9.699999809265137,9.699999809265137,9.699999809265137,0
"CSTA","Constellation Acquisition Corp I Class A Ordinary Shares","2021-07-22 11:30:00-04:00",9.6899995803833,9.6899995803833,9.6899995803833,9.6899995803833,9.6899995803833,100
"CSTA","Constellation Acquisition Corp I Class A Ordinary Shares","2021-07-22 13:30:00-04:00",9.699999809265137,9.699999809265137,9.6899995803833,9.6899995803833,9.6899995803833,200
"CSTA","Constellation Acquisition Corp I Class A Ordinary Shares","2021-07-22 15:30:00-04:00",9.670000076293944,9.670000076293944,9.670000076293944,9.670000076293944,9.670000076293944,300
"CSTA","Constellation Acquisition Corp I Class A Ordinary Shares","2021-07-23 09:30:00-04:00",9.6899995803833,9.6899995803833,9.6899995803833,9.6899995803833,9.6899995803833,0
"CSTA","Constellation Acquisition Corp I Class A Ordinary Shares","2021-07-23 15:30:00-04:00",9.6899995803833,9.6899995803833,9.6899995803833,9.6899995803833,9.6899995803833,100
"CSTA","Constellation Acquisition Corp I Class A Ordinary Shares","2021-07-26 09:30:00-04:00",9.6899995803833,9.6899995803833,9.670000076293944,9.670000076293944,9.670000076293944,0
"CSTA","Constellation Acquisition Corp I Class A Ordinary Shares","2021-07-26 13:30:00-04:00",9.670000076293944,9.670000076293944,9.65999984741211,9.65999984741211,9.65999984741211,2188
"CSTA","Constellation Acquisition Corp I Class A Ordinary Shares","2021-07-26 14:30:00-04:00",9.68000030517578,9.68000030517578,9.68000030517578,9.68000030517578,9.68000030517578,200
"CSTA","Constellation Acquisition Corp I Class A Ordinary Shares","2021-07-26 15:30:00-04:00",9.670000076293944,9.670000076293944,9.670000076293944,9.670000076293944,9.670000076293944,120
"CSTA","Constellation Acquisition Corp I Class A Ordinary Shares","2021-07-27 09:30:00-04:00",9.670000076293944,9.670000076293944,9.670000076293944,9.670000076293944,9.670000076293944,0
"CSTA","Constellation Acquisition Corp I Class A Ordinary Shares","2021-07-27 10:30:00-04:00",9.670000076293944,9.670000076293944,9.670000076293944,9.670000076293944,9.670000076293944,100
"CSTA","Constellation Acquisition Corp I Class A Ordinary Shares","2021-07-27 14:30:00-04:00",9.670000076293944,9.6899995803833,9.670000076293944,9.670000076293944,9.670000076293944,2357
"CSTA","Constellation Acquisition Corp I Class A Ordinary Shares","2021-07-27 15:30:00-04:00",9.6899995803833,9.6899995803833,9.670000076293944,9.6899995803833,9.6899995803833,0
"CSTA","Constellation Acquisition Corp I Class A Ordinary Shares","2021-07-27 16:00:00-04:00",9.69,9.69,9.69,9.69,9.69,0
"CSTA","Constellation Acquisition Corp I Class A Ordinary Shares","2021-07-28 13:30:00-04:00",9.6899995803833,9.6899995803833,9.6899995803833,9.6899995803833,9.6899995803833,1018
"CSTA","Constellation Acquisition Corp I Class A Ordinary Shares","2021-07-28 14:30:00-04:00",9.729999542236328,9.75,9.729999542236328,9.75,9.75,4550
"CSTA","Constellation Acquisition Corp I Class A Ordinary Shares","2021-07-28 15:30:00-04:00",9.755000114440918,9.789999961853027,9.75,9.760000228881836,9.760000228881836,22957
"CSTA","Constellation Acquisition Corp I Class A Ordinary Shares","2021-07-28 16:00:00-04:00",9.79,9.79,9.79,9.79,9.79,0
"CSTA","Constellation Acquisition Corp I Class A Ordinary Shares","2021-07-29 15:30:00-04:00",9.720000267028809,9.720000267028809,9.65999984741211,9.699999809265137,9.699999809265137,4508
"CSTA","Constellation Acquisition Corp I Class A Ordinary Shares","2021-07-30 09:30:00-04:00",9.699999809265137,9.699999809265137,9.664999961853027,9.664999961853027,9.664999961853027,0
"CSTA","Constellation Acquisition Corp I Class A Ordinary Shares","2021-07-30 10:30:00-04:00",9.6899995803833,9.6899995803833,9.6899995803833,9.6899995803833,9.6899995803833,900
"CSTA","Constellation Acquisition Corp I Class A Ordinary Shares","2021-07-30 11:30:00-04:00",9.6899995803833,9.710000038146973,9.6899995803833,9.710000038146973,9.710000038146973,7900
"CSTA","Constellation Acquisition Corp I Class A Ordinary Shares","2021-07-30 12:30:00-04:00",9.729999542236328,9.739999771118164,9.729999542236328,9.739999771118164,9.739999771118164,500
"CSTA","Constellation Acquisition Corp I Class A Ordinary Shares","2021-07-30 13:30:00-04:00",9.739999771118164,9.739999771118164,9.739999771118164,9.739999771118164,9.739999771118164,400
"CSTA","Constellation Acquisition Corp I Class A Ordinary Shares","2021-07-30 14:30:00-04:00",9.739999771118164,9.80500030517578,9.739999771118164,9.75,9.75,21613
"CSTA","Constellation Acquisition Corp I Class A Ordinary Shares","2021-07-30 15:30:00-04:00",9.75,9.800000190734863,9.75,9.800000190734863,9.800000190734863,3100
"CSTA","Constellation Acquisition Corp I Class A Ordinary Shares","2021-07-30 16:00:00-04:00",9.83,9.83,9.83,9.83,9.83,600
"CSTA","Constellation Acquisition Corp I Class A Ordinary Shares","2021-08-02 11:30:00-04:00",9.829999923706056,9.829999923706056,9.829999923706056,9.829999923706056,9.829999923706056,0
"CSTA","Constellation Acquisition Corp I Class A Ordinary Shares","2021-08-02 12:30:00-04:00",9.75,9.78499984741211,9.710000038146973,9.75,9.75,57332
"CSTA","Constellation Acquisition Corp I Class A Ordinary Shares","2021-08-02 13:30:00-04:00",9.75,9.75,9.739999771118164,9.75,9.75,34100
"CSTA","Constellation Acquisition Corp I Class A Ordinary Shares","2021-08-02 14:30:00-04:00",9.75,9.75,9.699999809265137,9.75,9.75,29696
"CSTA","Constellation Acquisition Corp I Class A Ordinary Shares","2021-08-03 11:30:00-04:00",9.75,9.779999732971191,9.75,9.779999732971191,9.779999732971191,100
"CSTA","Constellation Acquisition Corp I Class A Ordinary Shares","2021-08-03 12:30:00-04:00",9.75,9.75,9.720000267028809,9.75,9.75,12516
"CSTA","Constellation Acquisition Corp I Class A Ordinary Shares","2021-08-03 13:30:00-04:00",9.770000457763672,9.81999969482422,9.75,9.81999969482422,9.81999969482422,10805
"CSTA","Constellation Acquisition Corp I Class A Ordinary Shares","2021-08-03 14:30:00-04:00",9.770000457763672,9.81999969482422,9.729999542236328,9.779999732971191,9.779999732971191,12650
"CSTA","Constellation Acquisition Corp I Class A Ordinary Shares","2021-08-03 15:30:00-04:00",9.779999732971191,9.81999969482422,9.779999732971191,9.779999732971191,9.779999732971191,1500
"CSTA","Constellation Acquisition Corp I Class A Ordinary Shares","2021-08-03 16:00:00-04:00",9.77,9.77,9.77,9.77,9.77,100
"CSTA","Constellation Acquisition Corp I Class A Ordinary Shares","2021-08-04 09:30:00-04:00",9.75,9.800000190734863,9.744999885559082,9.789999961853027,9.789999961853027,74271
"CSTA","Constellation Acquisition Corp I Class A Ordinary Shares","2021-08-04 10:30:00-04:00",9.789999961853027,9.859999656677246,9.75,9.770000457763672,9.770000457763672,20958
"CSTA","Constellation Acquisition Corp I Class A Ordinary Shares","2021-08-04 11:30:00-04:00",9.770000457763672,9.789999961853027,9.75,9.760000228881836,9.760000228881836,15744
"CSTA","Constellation Acquisition Corp I Class A Ordinary Shares","2021-08-04 14:30:00-04:00",9.75,9.760000228881836,9.75,9.760000228881836,9.760000228881836,6135
"CSTA","Constellation Acquisition Corp I Class A Ordinary Shares","2021-08-04 15:30:00-04:00",9.75,9.829999923706056,9.75,9.75,9.75,12334
"CSTA","Constellation Acquisition Corp I Class A Ordinary Shares","2021-08-04 16:00:00-04:00",9.76,9.76,9.76,9.76,9.76,270
"CSTA","Constellation Acquisition Corp I Class A Ordinary Shares","2021-08-05 14:30:00-04:00",9.760000228881836,9.760000228881836,9.75,9.75,9.75,1945
"CSTA","Constellation Acquisition Corp I Class A Ordinary Shares","2021-08-05 15:30:00-04:00",9.760000228881836,9.829999923706056,9.710000038146973,9.779999732971191,9.779999732971191,98955
"CSTA","Constellation Acquisition Corp I Class A Ordinary Shares","2021-08-06 09:30:00-04:00",9.729999542236328,9.770000457763672,9.729999542236328,9.770000457763672,9.770000457763672,0
"CSTA","Constellation Acquisition Corp I Class A Ordinary Shares","2021-08-06 10:30:00-04:00",9.770000457763672,9.770000457763672,9.699999809265137,9.75,9.75,125110
"CSTA","Constellation Acquisition Corp I Class A Ordinary Shares","2021-08-06 11:30:00-04:00",9.75,9.760000228881836,9.729999542236328,9.760000228881836,9.760000228881836,23796
"CSTA","Constellation Acquisition Corp I Class A Ordinary Shares","2021-08-06 12:30:00-04:00",9.760000228881836,9.760000228881836,9.75,9.760000228881836,9.760000228881836,7700
"CSTA","Constellation Acquisition Corp I Class A Ordinary Shares","2021-08-06 13:30:00-04:00",9.760000228881836,9.760000228881836,9.729999542236328,9.760000228881836,9.760000228881836,21200
"CSTA","Constellation Acquisition Corp I Class A Ordinary Shares","2021-08-06 15:30:00-04:00",9.770000457763672,9.770000457763672,9.75,9.770000457763672,9.770000457763672,1970
"CSTA","Constellation Acquisition Corp I Class A Ordinary Shares","2021-08-06 16:00:00-04:00",9.77,9.77,9.77,9.77,9.77,330
"CSTA","Constellation Acquisition Corp I Class A Ordinary Shares","2021-08-09 09:30:00-04:00",9.75,9.770000457763672,9.75,9.770000457763672,9.770000457763672,0
"CSTA","Constellation Acquisition Corp I Class A Ordinary Shares","2021-08-09 10:30:00-04:00",9.75,9.770000457763672,9.75,9.770000457763672,9.770000457763672,5519
"CSTA","Constellation Acquisition Corp I Class A Ordinary Shares","2021-08-09 11:30:00-04:00",9.75,9.770000457763672,9.710000038146973,9.734999656677246,9.734999656677246,64890
"CSTA","Constellation Acquisition Corp I Class A Ordinary Shares","2021-08-09 12:30:00-04:00",9.734999656677246,9.734999656677246,9.699999809265137,9.720000267028809,9.720000267028809,157100
"CSTA","Constellation Acquisition Corp I Class A Ordinary Shares","2021-08-09 13:30:00-04:00",9.710000038146973,9.729999542236328,9.710000038146973,9.729999542236328,9.729999542236328,13180
"CSTA","Constellation Acquisition Corp I Class A Ordinary Shares","2021-08-09 14:30:00-04:00",9.710000038146973,9.729999542236328,9.710000038146973,9.720000267028809,9.720000267028809,24910
"CSTA","Constellation Acquisition Corp I Class A Ordinary Shares","2021-08-09 15:30:00-04:00",9.720000267028809,9.729999542236328,9.710000038146973,9.710000038146973,9.710000038146973,30486
"CSTA","Constellation Acquisition Corp I Class A Ordinary Shares","2021-08-09 16:00:00-04:00",9.73,9.73,9.73,9.73,9.73,0
"CSTA","Constellation Acquisition Corp I Class A Ordinary Shares","2021-08-10 09:30:00-04:00",9.729999542236328,9.729999542236328,9.729999542236328,9.729999542236328,9.729999542236328,270
"CSTA","Constellation Acquisition Corp I Class A Ordinary Shares","2021-08-10 11:30:00-04:00",9.710000038146973,9.710000038146973,9.6899995803833,9.6899995803833,9.6899995803833,9999
"CSTA","Constellation Acquisition Corp I Class A Ordinary Shares","2021-08-10 12:30:00-04:00",9.699999809265137,9.699999809265137,9.699999809265137,9.699999809265137,9.699999809265137,600
"CSTA","Constellation Acquisition Corp I Class A Ordinary Shares","2021-08-10 13:30:00-04:00",9.699999809265137,9.699999809265137,9.699999809265137,9.699999809265137,9.699999809265137,500
"CSTA","Constellation Acquisition Corp I Class A Ordinary Shares","2021-08-10 15:30:00-04:00",9.6899995803833,9.699999809265137,9.68000030517578,9.699999809265137,9.699999809265137,0
"CSTA","Constellation Acquisition Corp I Class A Ordinary Shares","2021-08-11 15:30:00-04:00",9.6850004196167,9.6850004196167,9.6850004196167,9.6850004196167,9.6850004196167,159
"CSTA","Constellation Acquisition Corp I Class A Ordinary Shares","2021-08-11 16:00:00-04:00",9.67,9.67,9.67,9.67,9.67,0
"CSTA","Constellation Acquisition Corp I Class A Ordinary Shares","2021-08-12 10:30:00-04:00",9.710000038146973,9.75,9.6899995803833,9.6899995803833,9.6899995803833,16095
"CSTA","Constellation Acquisition Corp I Class A Ordinary Shares","2021-08-12 11:30:00-04:00",9.6899995803833,9.6899995803833,9.6899995803833,9.6899995803833,9.6899995803833,228
"CSTA","Constellation Acquisition Corp I Class A Ordinary Shares","2021-08-12 12:30:00-04:00",9.6899995803833,9.6899995803833,9.6899995803833,9.6899995803833,9.6899995803833,327
"CSTA","Constellation Acquisition Corp I Class A Ordinary Shares","2021-08-12 13:30:00-04:00",9.68000030517578,9.68000030517578,9.670000076293944,9.670000076293944,9.670000076293944,5106
"CSTA","Constellation Acquisition Corp I Class A Ordinary Shares","2021-08-12 15:30:00-04:00",9.68000030517578,9.68000030517578,9.65999984741211,9.65999984741211,9.65999984741211,1086
"CSTA","Constellation Acquisition Corp I Class A Ordinary Shares","2021-08-12 16:00:00-04:00",9.66,9.66,9.66,9.66,9.66,336
"CSTA","Constellation Acquisition Corp I Class A Ordinary Shares","2021-08-13 09:30:00-04:00",9.670000076293944,9.670000076293944,9.670000076293944,9.670000076293944,9.670000076293944,0
"CSTA","Constellation Acquisition Corp I Class A Ordinary Shares","2021-08-13 12:30:00-04:00",9.670000076293944,9.670000076293944,9.670000076293944,9.670000076293944,9.670000076293944,500
"CSTA","Constellation Acquisition Corp I Class A Ordinary Shares","2021-08-13 13:30:00-04:00",9.710000038146973,9.710000038146973,9.6899995803833,9.6899995803833,9.6899995803833,2903
"CSTA","Constellation Acquisition Corp I Class A Ordinary Shares","2021-08-13 15:30:00-04:00",9.68000030517578,9.68000030517578,9.640000343322754,9.640000343322754,9.640000343322754,5788
"CSTA","Constellation Acquisition Corp I Class A Ordinary Shares","2021-08-13 16:00:00-04:00",9.65,9.65,9.65,9.65,9.65,206
"CSTA","Constellation Acquisition Corp I Class A Ordinary Shares","2021-08-16 13:30:00-04:00",9.65999984741211,9.65999984741211,9.65999984741211,9.65999984741211,9.65999984741211,0
"CSTA","Constellation Acquisition Corp I Class A Ordinary Shares","2021-08-16 14:30:00-04:00",9.649999618530272,9.65999984741211,9.649999618530272,9.65999984741211,9.65999984741211,349
"CSTA","Constellation Acquisition Corp I Class A Ordinary Shares","2021-08-16 15:30:00-04:00",9.664999961853027,9.664999961853027,9.65999984741211,9.65999984741211,9.65999984741211,1040
"CSTA","Constellation Acquisition Corp I Class A Ordinary Shares","2021-08-16 16:00:00-04:00",9.65,9.65,9.65,9.65,9.65,362
"CSTA","Constellation Acquisition Corp I Class A Ordinary Shares","2021-08-17 10:30:00-04:00",9.649999618530272,9.68000030517578,9.649999618530272,9.68000030517578,9.68000030517578,23284
"CSTA","Constellation Acquisition Corp I Class A Ordinary Shares","2021-08-17 11:30:00-04:00",9.68000030517578,9.68000030517578,9.68000030517578,9.68000030517578,9.68000030517578,659
"CSTA","Constellation Acquisition Corp I Class A Ordinary Shares","2021-08-17 12:30:00-04:00",9.670000076293944,9.670000076293944,9.670000076293944,9.670000076293944,9.670000076293944,330
"CSTA","Constellation Acquisition Corp I Class A Ordinary Shares","2021-08-17 13:30:00-04:00",9.670000076293944,9.670000076293944,9.659000396728516,9.670000076293944,9.670000076293944,832
"CSTA","Constellation Acquisition Corp I Class A Ordinary Shares","2021-08-17 14:30:00-04:00",9.670000076293944,9.670000076293944,9.670000076293944,9.670000076293944,9.670000076293944,570
"CSTA","Constellation Acquisition Corp I Class A Ordinary Shares","2021-08-17 15:30:00-04:00",9.670000076293944,9.670000076293944,9.649999618530272,9.649999618530272,9.649999618530272,1145
"CSTA","Constellation Acquisition Corp I Class A Ordinary Shares","2021-08-18 10:30:00-04:00",9.649999618530272,9.649999618530272,9.649999618530272,9.649999618530272,9.649999618530272,0
"CSTA","Constellation Acquisition Corp I Class A Ordinary Shares","2021-08-18 11:30:00-04:00",9.649999618530272,9.649999618530272,9.649999618530272,9.649999618530272,9.649999618530272,308
"CSTA","Constellation Acquisition Corp I Class A Ordinary Shares","2021-08-18 12:30:00-04:00",9.699999809265137,9.699999809265137,9.699999809265137,9.699999809265137,9.699999809265137,100
"CSTA","Constellation Acquisition Corp I Class A Ordinary Shares","2021-08-18 13:30:00-04:00",9.68000030517578,9.68000030517578,9.68000030517578,9.68000030517578,9.68000030517578,100
"CSTA","Constellation Acquisition Corp I Class A Ordinary Shares","2021-08-18 15:30:00-04:00",9.649999618530272,9.649999618530272,9.649999618530272,9.649999618530272,9.649999618530272,569
"CSTA","Constellation Acquisition Corp I Class A Ordinary Shares","2021-08-18 16:00:00-04:00",9.63,9.63,9.63,9.63,9.63,178
"CSTA","Constellation Acquisition Corp I Class A Ordinary Shares","2021-08-19 10:30:00-04:00",9.649999618530272,9.649999618530272,9.649999618530272,9.649999618530272,9.649999618530272,346
"CSTA","Constellation Acquisition Corp I Class A Ordinary Shares","2021-08-19 11:30:00-04:00",9.649999618530272,9.664999961853027,9.649999618530272,9.649999618530272,9.649999618530272,655
"CSTA","Constellation Acquisition Corp I Class A Ordinary Shares","2021-08-19 12:30:00-04:00",9.640000343322754,9.65999984741211,9.640000343322754,9.65999984741211,9.65999984741211,3164
"CSTA","Constellation Acquisition Corp I Class A Ordinary Shares","2021-08-19 13:30:00-04:00",9.640000343322754,9.65999984741211,9.640000343322754,9.65999984741211,9.65999984741211,5200
"CSTA","Constellation Acquisition Corp I Class A Ordinary Shares","2021-08-19 14:30:00-04:00",9.65999984741211,9.68000030517578,9.649999618530272,9.68000030517578,9.68000030517578,7401
"CSTA","Constellation Acquisition Corp I Class A Ordinary Shares","2021-08-19 15:30:00-04:00",9.649999618530272,9.68000030517578,9.649999618530272,9.670000076293944,9.670000076293944,841
"CSTA","Constellation Acquisition Corp I Class A Ordinary Shares","2021-08-20 09:30:00-04:00",9.649999618530272,9.649999618530272,9.640000343322754,9.640000343322754,9.640000343322754,0
"CSTA","Constellation Acquisition Corp I Class A Ordinary Shares","2021-08-20 10:30:00-04:00",9.670000076293944,9.670000076293944,9.670000076293944,9.670000076293944,9.670000076293944,124
"CSTA","Constellation Acquisition Corp I Class A Ordinary Shares","2021-08-20 13:30:00-04:00",9.670000076293944,9.670000076293944,9.65999984741211,9.65999984741211,9.65999984741211,440
"CSTA","Constellation Acquisition Corp I Class A Ordinary Shares","2021-08-20 14:30:00-04:00",9.670000076293944,9.670000076293944,9.670000076293944,9.670000076293944,9.670000076293944,114
"CSTA","Constellation Acquisition Corp I Class A Ordinary Shares","2021-08-20 15:30:00-04:00",9.670000076293944,9.670000076293944,9.670000076293944,9.670000076293944,9.670000076293944,210
"CSTA","Constellation Acquisition Corp I Class A Ordinary Shares","2021-08-23 13:30:00-04:00",9.65999984741211,9.670000076293944,9.65999984741211,9.670000076293944,9.670000076293944,17765
"CSTA","Constellation Acquisition Corp I Class A Ordinary Shares","2021-08-23 14:30:00-04:00",9.670000076293944,9.6899995803833,9.65999984741211,9.6899995803833,9.6899995803833,1499
"CSTA","Constellation Acquisition Corp I Class A Ordinary Shares","2021-08-23 15:30:00-04:00",9.6899995803833,9.6899995803833,9.6899995803833,9.6899995803833,9.6899995803833,1080
"CSTA","Constellation Acquisition Corp I Class A Ordinary Shares","2021-08-23 16:00:00-04:00",9.68,9.68,9.68,9.68,9.68,111
"CSTA","Constellation Acquisition Corp I Class A Ordinary Shares","2021-08-24 09:30:00-04:00",9.68000030517578,9.68000030517578,9.68000030517578,9.68000030517578,9.68000030517578,0
"CSTA","Constellation Acquisition Corp I Class A Ordinary Shares","2021-08-24 10:30:00-04:00",9.640000343322754,9.640000343322754,9.640000343322754,9.640000343322754,9.640000343322754,100
"CSTA","Constellation Acquisition Corp I Class A Ordinary Shares","2021-08-24 11:30:00-04:00",9.630000114440918,9.630000114440918,9.630000114440918,9.630000114440918,9.630000114440918,100
"CSTA","Constellation Acquisition Corp I Class A Ordinary Shares","2021-08-24 12:30:00-04:00",9.630000114440918,9.630000114440918,9.630000114440918,9.630000114440918,9.630000114440918,100
"CSTA","Constellation Acquisition Corp I Class A Ordinary Shares","2021-08-24 14:30:00-04:00",9.630000114440918,9.630000114440918,9.630000114440918,9.630000114440918,9.630000114440918,100
"CSTA","Constellation Acquisition Corp I Class A Ordinary Shares","2021-08-24 15:30:00-04:00",9.630000114440918,9.630000114440918,9.630000114440918,9.630000114440918,9.630000114440918,200
"CSTA","Constellation Acquisition Corp I Class A Ordinary Shares","2021-08-24 16:00:00-04:00",9.62,9.62,9.62,9.62,9.62,176
"CSTA","Constellation Acquisition Corp I Class A Ordinary Shares","2021-08-25 09:30:00-04:00",9.609999656677246,9.65999984741211,9.609999656677246,9.65999984741211,9.65999984741211,2919
"CSTA","Constellation Acquisition Corp I Class A Ordinary Shares","2021-08-25 10:30:00-04:00",9.630000114440918,9.640000343322754,9.619999885559082,9.640000343322754,9.640000343322754,5400
"CSTA","Constellation Acquisition Corp I Class A Ordinary Shares","2021-08-25 11:30:00-04:00",9.640000343322754,9.640000343322754,9.640000343322754,9.640000343322754,9.640000343322754,101
"CSTA","Constellation Acquisition Corp I Class A Ordinary Shares","2021-08-25 12:30:00-04:00",9.640000343322754,9.649999618530272,9.640000343322754,9.649999618530272,9.649999618530272,3665
"CSTA","Constellation Acquisition Corp I Class A Ordinary Shares","2021-08-25 13:30:00-04:00",9.649999618530272,9.649999618530272,9.649999618530272,9.649999618530272,9.649999618530272,102
"CSTA","Constellation Acquisition Corp I Class A Ordinary Shares","2021-08-25 15:30:00-04:00",9.649999618530272,9.649999618530272,9.649999618530272,9.649999618530272,9.649999618530272,100
"CSTA","Constellation Acquisition Corp I Class A Ordinary Shares","2021-08-25 16:00:00-04:00",9.62,9.62,9.62,9.62,9.62,262
"CSTA","Constellation Acquisition Corp I Class A Ordinary Shares","2021-08-26 09:30:00-04:00",9.619999885559082,9.619999885559082,9.619999885559082,9.619999885559082,9.619999885559082,0
"CSTA","Constellation Acquisition Corp I Class A Ordinary Shares","2021-08-26 12:30:00-04:00",9.630000114440918,9.649999618530272,9.630000114440918,9.649999618530272,9.649999618530272,6074
"CSTA","Constellation Acquisition Corp I Class A Ordinary Shares","2021-08-26 13:30:00-04:00",9.649999618530272,9.649999618530272,9.649999618530272,9.649999618530272,9.649999618530272,205
"CSTA","Constellation Acquisition Corp I Class A Ordinary Shares","2021-08-26 15:30:00-04:00",9.630000114440918,9.649999618530272,9.630000114440918,9.649999618530272,9.649999618530272,5400
"CSTA","Constellation Acquisition Corp I Class A Ordinary Shares","2021-08-27 09:30:00-04:00",9.720000267028809,9.720000267028809,9.720000267028809,9.720000267028809,9.720000267028809,0
"CSTA","Constellation Acquisition Corp I Class A Ordinary Shares","2021-08-27 10:30:00-04:00",9.65999984741211,9.65999984741211,9.65999984741211,9.65999984741211,9.65999984741211,163
"CSTA","Constellation Acquisition Corp I Class A Ordinary Shares","2021-09-01 09:30:00-04:00",9.68000030517578,9.6899995803833,9.68000030517578,9.6899995803833,9.6899995803833,0
"CSTA","Constellation Acquisition Corp I Class A Ordinary Shares","2021-09-01 11:30:00-04:00",9.68000030517578,9.68000030517578,9.68000030517578,9.68000030517578,9.68000030517578,575
"CSTA","Constellation Acquisition Corp I Class A Ordinary Shares","2021-09-01 12:30:00-04:00",9.68000030517578,9.68000030517578,9.68000030517578,9.68000030517578,9.68000030517578,602
"CSTA","Constellation Acquisition Corp I Class A Ordinary Shares","2021-09-01 13:30:00-04:00",9.68000030517578,9.6850004196167,9.68000030517578,9.68000030517578,9.68000030517578,972
"CSTA","Constellation Acquisition Corp I Class A Ordinary Shares","2021-09-01 14:30:00-04:00",9.68000030517578,9.6899995803833,9.68000030517578,9.68000030517578,9.68000030517578,705
"CSTA","Constellation Acquisition Corp I Class A Ordinary Shares","2021-09-01 15:30:00-04:00",9.68000030517578,9.6899995803833,9.68000030517578,9.68000030517578,9.68000030517578,1526
"CSTA","Constellation Acquisition Corp I Class A Ordinary Shares","2021-09-01 16:00:00-04:00",9.68,9.68,9.68,9.68,9.68,100
"CSTA","Constellation Acquisition Corp I Class A Ordinary Shares","2021-09-02 09:30:00-04:00",9.859999656677246,10.0,9.675000190734863,9.6850004196167,9.6850004196167,1937
"CSTA","Constellation Acquisition Corp I Class A Ordinary Shares","2021-09-02 15:30:00-04:00",9.675000190734863,9.675000190734863,9.675000190734863,9.675000190734863,9.675000190734863,100
"CSTA","Constellation Acquisition Corp I Class A Ordinary Shares","2021-09-02 16:00:00-04:00",9.68,9.68,9.68,9.68,9.68,0
"CSTA","Constellation Acquisition Corp I Class A Ordinary Shares","2021-09-07 09:30:00-04:00",9.6899995803833,9.6899995803833,9.6899995803833,9.6899995803833,9.6899995803833,1333
"CSTA","Constellation Acquisition Corp I Class A Ordinary Shares","2021-09-07 15:30:00-04:00",9.6899995803833,9.6899995803833,9.6899995803833,9.6899995803833,9.6899995803833,0
"CSTA","Constellation Acquisition Corp I Class A Ordinary Shares","2021-09-08 09:30:00-04:00",9.6899995803833,9.6899995803833,9.6899995803833,9.6899995803833,9.6899995803833,104
"CSTA","Constellation Acquisition Corp I Class A Ordinary Shares","2021-09-08 15:30:00-04:00",9.6899995803833,9.6899995803833,9.6899995803833,9.6899995803833,9.6899995803833,200
"CSTA","Constellation Acquisition Corp I Class A Ordinary Shares","2021-09-09 09:30:00-04:00",9.6899995803833,9.6899995803833,9.6899995803833,9.6899995803833,9.6899995803833,58384
"CSTA","Constellation Acquisition Corp I Class A Ordinary Shares","2021-09-09 15:30:00-04:00",9.69499969482422,9.699999809265137,9.6899995803833,9.6899995803833,9.6899995803833,440
"CSTA","Constellation Acquisition Corp I Class A Ordinary Shares","2021-09-09 16:00:00-04:00",9.71,9.71,9.71,9.71,9.71,158
"CSTA","Constellation Acquisition Corp I Class A Ordinary Shares","2021-09-10 09:30:00-04:00",9.710000038146973,9.720000267028809,9.710000038146973,9.720000267028809,9.720000267028809,0
"CSTA","Constellation Acquisition Corp I Class A Ordinary Shares","2021-09-13 09:30:00-04:00",9.720000267028809,9.729999542236328,9.720000267028809,9.729999542236328,9.729999542236328,0
"CSTA","Constellation Acquisition Corp I Class A Ordinary Shares","2021-09-13 10:30:00-04:00",9.729999542236328,9.729999542236328,9.729999542236328,9.729999542236328,9.729999542236328,303
"CSTA","Constellation Acquisition Corp I Class A Ordinary Shares","2021-09-13 14:30:00-04:00",9.729999542236328,9.729999542236328,9.729999542236328,9.729999542236328,9.729999542236328,2200
"CSTA","Constellation Acquisition Corp I Class A Ordinary Shares","2021-09-13 15:30:00-04:00",9.729999542236328,9.729999542236328,9.729999542236328,9.729999542236328,9.729999542236328,100
"CSTA","Constellation Acquisition Corp I Class A Ordinary Shares","2021-09-14 09:30:00-04:00",9.720000267028809,9.720000267028809,9.720000267028809,9.720000267028809,9.720000267028809,0
"CSTA","Constellation Acquisition Corp I Class A Ordinary Shares","2021-09-14 14:30:00-04:00",9.739999771118164,9.739999771118164,9.739999771118164,9.739999771118164,9.739999771118164,1400
"CSTA","Constellation Acquisition Corp I Class A Ordinary Shares","2021-09-14 15:30:00-04:00",9.729999542236328,9.739999771118164,9.729999542236328,9.739999771118164,9.739999771118164,1800
"CSTA","Constellation Acquisition Corp I Class A Ordinary Shares","2021-09-15 10:30:00-04:00",9.739999771118164,9.739999771118164,9.739999771118164,9.739999771118164,9.739999771118164,0
"CSTA","Constellation Acquisition Corp I Class A Ordinary Shares","2021-09-15 11:30:00-04:00",9.739999771118164,9.739999771118164,9.739999771118164,9.739999771118164,9.739999771118164,601
"CSTA","Constellation Acquisition Corp I Class A Ordinary Shares","2021-09-15 13:30:00-04:00",9.75,9.75,9.75,9.75,9.75,201
"CSTA","Constellation Acquisition Corp I Class A Ordinary Shares","2021-09-15 14:30:00-04:00",9.75,9.75,9.75,9.75,9.75,1100
"CSTA","Constellation Acquisition Corp I Class A Ordinary Shares","2021-09-15 15:30:00-04:00",9.75,9.75,9.75,9.75,9.75,0
"CSTA","Constellation Acquisition Corp I Class A Ordinary Shares","2021-09-16 12:30:00-04:00",9.729999542236328,9.729999542236328,9.729999542236328,9.729999542236328,9.729999542236328,1299
"CSTA","Constellation Acquisition Corp I Class A Ordinary Shares","2021-09-23 12:30:00-04:00",9.699999809265137,9.699999809265137,9.699999809265137,9.699999809265137,9.699999809265137,0
"CSTA","Constellation Acquisition Corp I Class A Ordinary Shares","2021-09-23 14:30:00-04:00",9.699999809265137,9.699999809265137,9.699999809265137,9.699999809265137,9.699999809265137,200
"CSTA","Constellation Acquisition Corp I Class A Ordinary Shares","2021-09-23 15:30:00-04:00",9.739999771118164,9.739999771118164,9.739999771118164,9.739999771118164,9.739999771118164,200
"CSTA","Constellation Acquisition Corp I Class A Ordinary Shares","2021-09-24 12:30:00-04:00",9.739999771118164,9.739999771118164,9.739999771118164,9.739999771118164,9.739999771118164,99053
"CSTA","Constellation Acquisition Corp I Class A Ordinary Shares","2021-09-24 13:30:00-04:00",9.75,9.75,9.75,9.75,9.75,203
"CSTA","Constellation Acquisition Corp I Class A Ordinary Shares","2021-09-24 14:30:00-04:00",9.75,9.75,9.739999771118164,9.739999771118164,9.739999771118164,50100
"CSTA","Constellation Acquisition Corp I Class A Ordinary Shares","2021-09-24 15:30:00-04:00",9.75,9.75,9.739999771118164,9.75,9.75,700
"CSTA","Constellation Acquisition Corp I Class A Ordinary Shares","2021-10-01 09:00:00-04:00",9.76,9.76,9.76,9.76,9.76,0
"CSTA","Constellation Acquisition Corp I Class A Ordinary Shares","2021-10-01 09:30:00-04:00",9.779999732971191,9.800000190734863,9.760000228881836,9.770000457763672,9.770000457763672,21938
"CSTA","Constellation Acquisition Corp I Class A Ordinary Shares","2021-10-01 10:30:00-04:00",9.770000457763672,9.779999732971191,9.770000457763672,9.779999732971191,9.779999732971191,1202
"CSTA","Constellation Acquisition Corp I Class A Ordinary Shares","2021-10-01 11:30:00-04:00",9.779999732971191,9.779999732971191,9.779999732971191,9.779999732971191,9.779999732971191,700
"CSTA","Constellation Acquisition Corp I Class A Ordinary Shares","2021-10-01 12:30:00-04:00",9.779999732971191,9.779999732971191,9.770000457763672,9.770000457763672,9.770000457763672,500
"CSTA","Constellation Acquisition Corp I Class A Ordinary Shares","2021-10-01 13:30:00-04:00",9.770000457763672,9.770000457763672,9.770000457763672,9.770000457763672,9.770000457763672,100
"CSTA","Constellation Acquisition Corp I Class A Ordinary Shares","2021-10-01 15:30:00-04:00",9.760000228881836,9.760000228881836,9.760000228881836,9.760000228881836,9.760000228881836,650
"CSTA","Constellation Acquisition Corp I Class A Ordinary Shares","2021-10-04 09:30:00-04:00",9.864999771118164,9.989999771118164,9.760000228881836,9.864999771118164,9.864999771118164,0
"CSTA","Constellation Acquisition Corp I Class A Ordinary Shares","2021-10-04 10:30:00-04:00",9.989999771118164,9.989999771118164,9.989999771118164,9.989999771118164,9.989999771118164,144
"CSTA","Constellation Acquisition Corp I Class A Ordinary Shares","2021-10-04 12:30:00-04:00",9.779999732971191,9.779999732971191,9.779999732971191,9.779999732971191,9.779999732971191,437
"CSTA","Constellation Acquisition Corp I Class A Ordinary Shares","2021-10-04 13:30:00-04:00",9.779999732971191,9.779999732971191,9.779999732971191,9.779999732971191,9.779999732971191,512
"CSTA","Constellation Acquisition Corp I Class A Ordinary Shares","2021-10-04 15:30:00-04:00",9.789999961853027,9.789999961853027,9.789999961853027,9.789999961853027,9.789999961853027,100
"CSTA","Constellation Acquisition Corp I Class A Ordinary Shares","2021-10-06 09:30:00-04:00",9.779999732971191,9.850000381469728,9.779999732971191,9.789999961853027,9.789999961853027,0
"CSTA","Constellation Acquisition Corp I Class A Ordinary Shares","2021-10-06 10:30:00-04:00",9.774999618530272,9.789999961853027,9.774999618530272,9.789999961853027,9.789999961853027,26181
"CSTA","Constellation Acquisition Corp I Class A Ordinary Shares","2021-10-06 11:30:00-04:00",9.789999961853027,9.789999961853027,9.789999961853027,9.789999961853027,9.789999961853027,300
"CSTA","Constellation Acquisition Corp I Class A Ordinary Shares","2021-10-06 12:30:00-04:00",9.789999961853027,9.789999961853027,9.789999961853027,9.789999961853027,9.789999961853027,300
"CSTA","Constellation Acquisition Corp I Class A Ordinary Shares","2021-10-06 13:30:00-04:00",9.789999961853027,9.789999961853027,9.789999961853027,9.789999961853027,9.789999961853027,300
"CSTA","Constellation Acquisition Corp I Class A Ordinary Shares","2021-10-06 14:30:00-04:00",9.789999961853027,9.789999961853027,9.789999961853027,9.789999961853027,9.789999961853027,300
"CSTA","Constellation Acquisition Corp I Class A Ordinary Shares","2021-10-06 15:30:00-04:00",9.789999961853027,9.789999961853027,9.760000228881836,9.760000228881836,9.760000228881836,2050
"CSTA","Constellation Acquisition Corp I Class A Ordinary Shares","2021-10-07 09:30:00-04:00",9.869999885559082,9.869999885559082,9.81999969482422,9.81999969482422,9.81999969482422,0
"CSTA","Constellation Acquisition Corp I Class A Ordinary Shares","2021-10-07 12:30:00-04:00",9.770000457763672,9.770000457763672,9.75,9.75,9.75,3224
"CSTA","Constellation Acquisition Corp I Class A Ordinary Shares","2021-10-07 13:30:00-04:00",9.789999961853027,9.789999961853027,9.789999961853027,9.789999961853027,9.789999961853027,0
"CSTA","Constellation Acquisition Corp I Class A Ordinary Shares","2021-10-08 09:00:00-04:00",9.79,9.79,9.79,9.79,9.79,0
"CSTA","Constellation Acquisition Corp I Class A Ordinary Shares","2021-10-08 09:30:00-04:00",9.739999771118164,9.800000190734863,9.739999771118164,9.779999732971191,9.779999732971191,2794
"CSTA","Constellation Acquisition Corp I Class A Ordinary Shares","2021-10-08 10:30:00-04:00",9.789999961853027,9.789999961853027,9.760000228881836,9.770000457763672,9.770000457763672,2952
"CSTA","Constellation Acquisition Corp I Class A Ordinary Shares","2021-10-08 11:30:00-04:00",9.789999961853027,9.789999961853027,9.789999961853027,9.789999961853027,9.789999961853027,200
"CSTA","Constellation Acquisition Corp I Class A Ordinary Shares","2021-10-08 12:30:00-04:00",9.75,9.75,9.75,9.75,9.75,1023
"CSTA","Constellation Acquisition Corp I Class A Ordinary Shares","2021-10-08 13:30:00-04:00",9.789999961853027,9.789999961853027,9.789999961853027,9.789999961853027,9.789999961853027,100
"CSTA","Constellation Acquisition Corp I Class A Ordinary Shares","2021-10-08 15:30:00-04:00",9.779999732971191,9.789999961853027,9.779999732971191,9.789999961853027,9.789999961853027,200
"CSTA","Constellation Acquisition Corp I Class A Ordinary Shares","2021-10-11 09:30:00-04:00",9.789999961853027,9.789999961853027,9.789999961853027,9.789999961853027,9.789999961853027,0
"CSTA","Constellation Acquisition Corp I Class A Ordinary Shares","2021-10-12 09:30:00-04:00",9.739999771118164,9.779999732971191,9.739999771118164,9.770000457763672,9.770000457763672,5466
"CSTA","Constellation Acquisition Corp I Class A Ordinary Shares","2021-10-12 10:30:00-04:00",9.770000457763672,9.770000457763672,9.760000228881836,9.760000228881836,9.760000228881836,300
"CSTA","Constellation Acquisition Corp I Class A Ordinary Shares","2021-10-12 15:30:00-04:00",9.779999732971191,9.779999732971191,9.779999732971191,9.779999732971191,9.779999732971191,100
"CSTA","Constellation Acquisition Corp I Class A Ordinary Shares","2021-10-14 09:30:00-04:00",9.869999885559082,9.869999885559082,9.75,9.770000457763672,9.770000457763672,0
"CSTA","Constellation Acquisition Corp I Class A Ordinary Shares","2021-10-14 10:30:00-04:00",9.75,9.75,9.75,9.75,9.75,300
"CSTA","Constellation Acquisition Corp I Class A Ordinary Shares","2021-10-14 14:30:00-04:00",9.755000114440918,9.755000114440918,9.755000114440918,9.755000114440918,9.755000114440918,156
"CSTA","Constellation Acquisition Corp I Class A Ordinary Shares","2021-10-14 15:30:00-04:00",9.760000228881836,9.760000228881836,9.760000228881836,9.760000228881836,9.760000228881836,100
"CSTA","Constellation Acquisition Corp I Class A Ordinary Shares","2021-10-15 09:30:00-04:00",9.869999885559082,9.869999885559082,9.770000457763672,9.770000457763672,9.770000457763672,0
"CSTA","Constellation Acquisition Corp I Class A Ordinary Shares","2021-10-15 15:30:00-04:00",9.770000457763672,9.770000457763672,9.760000228881836,9.760000228881836,9.760000228881836,300
"CSTA","Constellation Acquisition Corp I Class A Ordinary Shares","2021-10-18 09:30:00-04:00",9.710000038146973,9.760000228881836,9.710000038146973,9.760000228881836,9.760000228881836,2789
"CSTA","Constellation Acquisition Corp I Class A Ordinary Shares","2021-10-18 11:30:00-04:00",9.744999885559082,9.760000228881836,9.744999885559082,9.760000228881836,9.760000228881836,1100
"CSTA","Constellation Acquisition Corp I Class A Ordinary Shares","2021-10-18 12:30:00-04:00",9.75,9.760000228881836,9.75,9.760000228881836,9.760000228881836,1398
"CSTA","Constellation Acquisition Corp I Class A Ordinary Shares","2021-10-18 14:30:00-04:00",9.760000228881836,9.760000228881836,9.760000228881836,9.760000228881836,9.760000228881836,100
"CSTA","Constellation Acquisition Corp I Class A Ordinary Shares","2021-10-18 15:30:00-04:00",9.75,9.75,9.75,9.75,9.75,100
"CSTA","Constellation Acquisition Corp I Class A Ordinary Shares","2021-10-19 09:30:00-04:00",9.760000228881836,9.760000228881836,9.739999771118164,9.739999771118164,9.739999771118164,0
"CSTA","Constellation Acquisition Corp I Class A Ordinary Shares","2021-10-19 12:30:00-04:00",9.75,9.760000228881836,9.75,9.760000228881836,9.760000228881836,2690
"CSTA","Constellation Acquisition Corp I Class A Ordinary Shares","2021-10-19 13:30:00-04:00",9.760000228881836,9.770000457763672,9.760000228881836,9.770000457763672,9.770000457763672,200
"CSTA","Constellation Acquisition Corp I Class A Ordinary Shares","2021-10-19 14:30:00-04:00",9.770000457763672,9.770000457763672,9.770000457763672,9.770000457763672,9.770000457763672,110
"CSTA","Constellation Acquisition Corp I Class A Ordinary Shares","2021-10-19 15:30:00-04:00",9.770000457763672,9.779999732971191,9.75,9.75,9.75,2980
"CSTA","Constellation Acquisition Corp I Class A Ordinary Shares","2021-10-20 09:30:00-04:00",9.776399612426758,9.776399612426758,9.776399612426758,9.776399612426758,9.776399612426758,0
"CSTA","Constellation Acquisition Corp I Class A Ordinary Shares","2021-10-20 11:30:00-04:00",9.739999771118164,9.739999771118164,9.739999771118164,9.739999771118164,9.739999771118164,500
"CSTA","Constellation Acquisition Corp I Class A Ordinary Shares","2021-10-20 14:30:00-04:00",9.739999771118164,9.770000457763672,9.739999771118164,9.739999771118164,9.739999771118164,3667
"CSTA","Constellation Acquisition Corp I Class A Ordinary Shares","2021-10-20 15:30:00-04:00",9.739999771118164,9.770000457763672,9.729999542236328,9.729999542236328,9.729999542236328,6633
"CSTA","Constellation Acquisition Corp I Class A Ordinary Shares","2021-10-21 09:30:00-04:00",9.75,9.75,9.75,9.75,9.75,0
"CSTA","Constellation Acquisition Corp I Class A Ordinary Shares","2021-10-21 10:30:00-04:00",9.770000457763672,9.770000457763672,9.770000457763672,9.770000457763672,9.770000457763672,122
"CSTA","Constellation Acquisition Corp I Class A Ordinary Shares","2021-10-21 15:30:00-04:00",9.770000457763672,9.779999732971191,9.75,9.75,9.75,2411
"CSTA","Constellation Acquisition Corp I Class A Ordinary Shares","2021-10-22 15:30:00-04:00",9.779999732971191,9.789999961853027,9.770000457763672,9.789999961853027,9.789999961853027,29239
"CSTA","Constellation Acquisition Corp I Class A Ordinary Shares","2021-10-25 10:30:00-04:00",9.760000228881836,9.789999961853027,9.760000228881836,9.789999961853027,9.789999961853027,4000
"CSTA","Constellation Acquisition Corp I Class A Ordinary Shares","2021-10-25 11:30:00-04:00",9.779999732971191,9.789999961853027,9.760000228881836,9.789999961853027,9.789999961853027,7600
"CSTA","Constellation Acquisition Corp I Class A Ordinary Shares","2021-10-25 12:30:00-04:00",9.789999961853027,9.789999961853027,9.78499984741211,9.789999961853027,9.789999961853027,600
"CSTA","Constellation Acquisition Corp I Class A Ordinary Shares","2021-10-25 13:30:00-04:00",9.789999961853027,9.789999961853027,9.789999961853027,9.789999961853027,9.789999961853027,500
"CSTA","Constellation Acquisition Corp I Class A Ordinary Shares","2021-10-25 14:30:00-04:00",9.800000190734863,9.800000190734863,9.789999961853027,9.789999961853027,9.789999961853027,200
"CSTA","Constellation Acquisition Corp I Class A Ordinary Shares","2021-10-25 15:30:00-04:00",9.789999961853027,9.789999961853027,9.789999961853027,9.789999961853027,9.789999961853027,0
"CSTA","Constellation Acquisition Corp I Class A Ordinary Shares","2021-10-26 09:30:00-04:00",9.770000457763672,9.770000457763672,9.770000457763672,9.770000457763672,9.770000457763672,501
"CSTA","Constellation Acquisition Corp I Class A Ordinary Shares","2021-10-28 09:30:00-04:00",9.800000190734863,9.800000190734863,9.800000190734863,9.800000190734863,9.800000190734863,929
"CSTA","Constellation Acquisition Corp I Class A Ordinary Shares","2021-10-29 15:30:00-04:00",9.779999732971191,9.779999732971191,9.779999732971191,9.779999732971191,9.779999732971191,1020
"CSTA","Constellation Acquisition Corp I Class A Ordinary Shares","2021-11-01 09:30:00-04:00",9.774999618530272,9.774999618530272,9.774999618530272,9.774999618530272,9.774999618530272,0
"CSTA","Constellation Acquisition Corp I Class A Ordinary Shares","2021-11-01 15:30:00-04:00",9.789999961853027,9.800000190734863,9.789999961853027,9.800000190734863,9.800000190734863,0
"CSTA","Constellation Acquisition Corp I Class A Ordinary Shares","2021-11-02 13:30:00-04:00",9.760000228881836,9.760000228881836,9.759900093078612,9.760000228881836,9.760000228881836,11525
"CSTA","Constellation Acquisition Corp I Class A Ordinary Shares","2021-11-02 14:30:00-04:00",9.75,9.789999961853027,9.75,9.789999961853027,9.789999961853027,372194
"CSTA","Constellation Acquisition Corp I Class A Ordinary Shares","2021-11-02 15:30:00-04:00",9.779999732971191,9.779999732971191,9.760000228881836,9.770000457763672,9.770000457763672,6149
"CSTA","Constellation Acquisition Corp I Class A Ordinary Shares","2021-11-02 16:00:00-04:00",9.77,9.77,9.77,9.77,9.77,200
"CSTA","Constellation Acquisition Corp I Class A Ordinary Shares","2021-11-03 09:30:00-04:00",9.770000457763672,9.770000457763672,9.770000457763672,9.770000457763672,9.770000457763672,0
"CSTA","Constellation Acquisition Corp I Class A Ordinary Shares","2021-11-03 14:30:00-04:00",9.770000457763672,9.770000457763672,9.770000457763672,9.770000457763672,9.770000457763672,100
"CSTA","Constellation Acquisition Corp I Class A Ordinary Shares","2021-11-03 15:30:00-04:00",9.770000457763672,9.770000457763672,9.760000228881836,9.760000228881836,9.760000228881836,601
"CSTA","Constellation Acquisition Corp I Class A Ordinary Shares","2021-11-05 09:30:00-04:00",9.75,9.760000228881836,9.75,9.760000228881836,9.760000228881836,0
"CSTA","Constellation Acquisition Corp I Class A Ordinary Shares","2021-11-05 11:30:00-04:00",9.760000228881836,9.760000228881836,9.760000228881836,9.760000228881836,9.760000228881836,100
"CSTA","Constellation Acquisition Corp I Class A Ordinary Shares","2021-11-05 12:30:00-04:00",9.760000228881836,9.760000228881836,9.760000228881836,9.760000228881836,9.760000228881836,331
"CSTA","Constellation Acquisition Corp I Class A Ordinary Shares","2021-11-05 13:30:00-04:00",9.770000457763672,9.770000457763672,9.770000457763672,9.770000457763672,9.770000457763672,146
"CSTA","Constellation Acquisition Corp I Class A Ordinary Shares","2021-11-05 14:30:00-04:00",9.75,9.750100135803224,9.75,9.750100135803224,9.750100135803224,200
"CSTA","Constellation Acquisition Corp I Class A Ordinary Shares","2021-11-05 15:30:00-04:00",9.760000228881836,9.760000228881836,9.760000228881836,9.760000228881836,9.760000228881836,269
"CSTA","Constellation Acquisition Corp I Class A Ordinary Shares","2021-11-05 17:00:00-04:00",9.76,9.76,9.76,9.76,9.76,0
"CSTA","Constellation Acquisition Corp I Class A Ordinary Shares","2021-11-08 08:00:00-05:00",9.75,9.76,9.75,9.76,9.76,0
"CSTA","Constellation Acquisition Corp I Class A Ordinary Shares","2021-11-08 15:30:00-05:00",9.75,9.760000228881836,9.75,9.760000228881836,9.760000228881836,10490
"CSTA","Constellation Acquisition Corp I Class A Ordinary Shares","2021-11-09 09:30:00-05:00",9.760000228881836,9.760000228881836,9.760000228881836,9.760000228881836,9.760000228881836,0
"CSTA","Constellation Acquisition Corp I Class A Ordinary Shares","2021-11-09 13:30:00-05:00",9.75,9.75,9.75,9.75,9.75,600
"CSTA","Constellation Acquisition Corp I Class A Ordinary Shares","2021-11-09 14:30:00-05:00",9.770000457763672,9.770000457763672,9.75,9.75,9.75,600
"CSTA","Constellation Acquisition Corp I Class A Ordinary Shares","2021-11-10 11:30:00-05:00",9.75,9.75,9.75,9.75,9.75,0
"CSTA","Constellation Acquisition Corp I Class A Ordinary Shares","2021-11-10 14:30:00-05:00",9.739999771118164,9.739999771118164,9.739999771118164,9.739999771118164,9.739999771118164,815
"CSTA","Constellation Acquisition Corp I Class A Ordinary Shares","2021-11-10 15:30:00-05:00",9.75,9.75,9.75,9.75,9.75,0
"CSTA","Constellation Acquisition Corp I Class A Ordinary Shares","2021-11-11 11:30:00-05:00",9.75,9.755000114440918,9.75,9.755000114440918,9.755000114440918,804
"CSTA","Constellation Acquisition Corp I Class A Ordinary Shares","2021-11-11 14:30:00-05:00",9.755000114440918,9.755000114440918,9.755000114440918,9.755000114440918,9.755000114440918,0
"CSTA","Constellation Acquisition Corp I Class A Ordinary Shares","2021-11-12 09:00:00-05:00",9.76,9.76,9.76,9.76,9.76,0
"CSTA","Constellation Acquisition Corp I Class A Ordinary Shares","2021-11-12 09:30:00-05:00",9.739999771118164,9.739999771118164,9.739999771118164,9.739999771118164,9.739999771118164,314
"CSTA","Constellation Acquisition Corp I Class A Ordinary Shares","2021-11-12 11:30:00-05:00",9.739999771118164,9.760000228881836,9.739999771118164,9.739999771118164,9.739999771118164,4107
"CSTA","Constellation Acquisition Corp I Class A Ordinary Shares","2021-11-12 12:30:00-05:00",9.739999771118164,9.75,9.739999771118164,9.739999771118164,9.739999771118164,6010
"CSTA","Constellation Acquisition Corp I Class A Ordinary Shares","2021-11-12 13:30:00-05:00",9.739999771118164,9.739999771118164,9.739999771118164,9.739999771118164,9.739999771118164,494
"CSTA","Constellation Acquisition Corp I Class A Ordinary Shares","2021-11-15 09:30:00-05:00",9.739999771118164,9.760000228881836,9.739999771118164,9.759900093078612,9.759900093078612,336537
"CSTA","Constellation Acquisition Corp I Class A Ordinary Shares","2021-11-15 11:30:00-05:00",9.760000228881836,9.760000228881836,9.760000228881836,9.760000228881836,9.760000228881836,100
"CSTA","Constellation Acquisition Corp I Class A Ordinary Shares","2021-11-15 12:30:00-05:00",9.755000114440918,9.760000228881836,9.75,9.760000228881836,9.760000228881836,48900
"CSTA","Constellation Acquisition Corp I Class A Ordinary Shares","2021-11-15 13:30:00-05:00",9.760000228881836,9.760000228881836,9.75,9.760000228881836,9.760000228881836,50389
"CSTA","Constellation Acquisition Corp I Class A Ordinary Shares","2021-11-15 14:30:00-05:00",9.770000457763672,9.779999732971191,9.770000457763672,9.779999732971191,9.779999732971191,1600
"CSTA","Constellation Acquisition Corp I Class A Ordinary Shares","2021-11-15 15:30:00-05:00",9.779999732971191,9.789999961853027,9.779999732971191,9.789999961853027,9.789999961853027,2953
"CSTA","Constellation Acquisition Corp I Class A Ordinary Shares","2021-11-15 16:00:00-05:00",9.79,9.79,9.79,9.79,9.79,0
"CSTA","Constellation Acquisition Corp I Class A Ordinary Shares","2021-11-16 14:30:00-05:00",9.75,9.779999732971191,9.75,9.779999732971191,9.779999732971191,1034
"CSTA","Constellation Acquisition Corp I Class A Ordinary Shares","2021-11-16 15:30:00-05:00",9.779999732971191,9.779999732971191,9.779999732971191,9.779999732971191,9.779999732971191,100
"CSTA","Constellation Acquisition Corp I Class A Ordinary Shares","2021-11-16 16:00:00-05:00",9.78,9.78,9.78,9.78,9.78,229
"CSTA","Constellation Acquisition Corp I Class A Ordinary Shares","2021-11-17 10:30:00-05:00",9.75,9.75,9.75,9.75,9.75,0
"CSTA","Constellation Acquisition Corp I Class A Ordinary Shares","2021-11-17 12:30:00-05:00",9.760000228881836,9.760000228881836,9.760000228881836,9.760000228881836,9.760000228881836,2000
"CSTA","Constellation Acquisition Corp I Class A Ordinary Shares","2021-11-17 13:30:00-05:00",9.770000457763672,9.770000457763672,9.770000457763672,9.770000457763672,9.770000457763672,100
"CSTA","Constellation Acquisition Corp I Class A Ordinary Shares","2021-11-17 14:30:00-05:00",9.75,9.779999732971191,9.75,9.779999732971191,9.779999732971191,750110
"CSTA","Constellation Acquisition Corp I Class A Ordinary Shares","2021-11-17 15:30:00-05:00",9.779999732971191,9.779999732971191,9.779999732971191,9.779999732971191,9.779999732971191,100
"CSTA","Constellation Acquisition Corp I Class A Ordinary Shares","2021-11-18 09:30:00-05:00",9.760000228881836,9.770000457763672,9.760000228881836,9.770000457763672,9.770000457763672,0
"CSTA","Constellation Acquisition Corp I Class A Ordinary Shares","2021-11-18 13:30:00-05:00",9.760000228881836,9.760000228881836,9.760000228881836,9.760000228881836,9.760000228881836,130
"CSTA","Constellation Acquisition Corp I Class A Ordinary Shares","2021-11-18 15:30:00-05:00",9.760000228881836,9.760000228881836,9.760000228881836,9.760000228881836,9.760000228881836,187
"CSTA","Constellation Acquisition Corp I Class A Ordinary Shares","2021-11-23 11:30:00-05:00",9.755000114440918,9.755000114440918,9.755000114440918,9.755000114440918,9.755000114440918,0
"CSTA","Constellation Acquisition Corp I Class A Ordinary Shares","2021-11-23 14:30:00-05:00",9.760000228881836,9.789999961853027,9.760000228881836,9.779999732971191,9.779999732971191,3568
"CSTA","Constellation Acquisition Corp I Class A Ordinary Shares","2021-11-23 15:30:00-05:00",9.779999732971191,9.800000190734863,9.779999732971191,9.800000190734863,9.800000190734863,6514
"CSTA","Constellation Acquisition Corp I Class A Ordinary Shares","2021-11-26 09:30:00-05:00",9.739999771118164,9.739999771118164,9.739999771118164,9.739999771118164,9.739999771118164,0
"CSTA","Constellation Acquisition Corp I Class A Ordinary Shares","2021-11-26 12:30:00-05:00",9.770000457763672,9.770000457763672,9.770000457763672,9.770000457763672,9.770000457763672,222
"CSTA","Constellation Acquisition Corp I Class A Ordinary Shares","2021-11-29 08:00:00-05:00",9.92,9.92,9.92,9.92,9.92,0
"CSTA","Constellation Acquisition Corp I Class A Ordinary Shares","2021-11-29 09:30:00-05:00",9.84000015258789,9.84000015258789,9.84000015258789,9.84000015258789,9.84000015258789,200
"CSTA","Constellation Acquisition Corp I Class A Ordinary Shares","2021-11-29 13:30:00-05:00",9.789999961853027,9.789999961853027,9.789999961853027,9.789999961853027,9.789999961853027,200
"CSTA","Constellation Acquisition Corp I Class A Ordinary Shares","2021-11-29 15:30:00-05:00",9.779999732971191,9.779999732971191,9.779999732971191,9.779999732971191,9.779999732971191,300
"CSTA","Constellation Acquisition Corp I Class A Ordinary Shares","2021-12-01 11:30:00-05:00",9.779999732971191,9.779999732971191,9.779999732971191,9.779999732971191,9.779999732971191,0
"CSTA","Constellation Acquisition Corp I Class A Ordinary Shares","2021-12-01 12:30:00-05:00",9.779999732971191,9.779999732971191,9.779999732971191,9.779999732971191,9.779999732971191,100
"CSTA","Constellation Acquisition Corp I Class A Ordinary Shares","2021-12-01 13:30:00-05:00",9.779999732971191,9.779999732971191,9.779999732971191,9.779999732971191,9.779999732971191,200
"CSTA","Constellation Acquisition Corp I Class A Ordinary Shares","2021-12-01 14:30:00-05:00",9.779999732971191,9.779999732971191,9.779999732971191,9.779999732971191,9.779999732971191,100
"CSTA","Constellation Acquisition Corp I Class A Ordinary Shares","2021-12-01 15:30:00-05:00",9.779999732971191,9.779999732971191,9.779999732971191,9.779999732971191,9.779999732971191,122
"CSTA","Constellation Acquisition Corp I Class A Ordinary Shares","2021-12-02 10:30:00-05:00",9.770000457763672,9.770000457763672,9.770000457763672,9.770000457763672,9.770000457763672,11113
"CSTA","Constellation Acquisition Corp I Class A Ordinary Shares","2021-12-02 11:30:00-05:00",9.779999732971191,9.779999732971191,9.770000457763672,9.779999732971191,9.779999732971191,724
"CSTA","Constellation Acquisition Corp I Class A Ordinary Shares","2021-12-02 12:30:00-05:00",9.779999732971191,9.779999732971191,9.770099639892578,9.779999732971191,9.779999732971191,1600
"CSTA","Constellation Acquisition Corp I Class A Ordinary Shares","2021-12-02 13:30:00-05:00",9.779999732971191,9.779999732971191,9.779999732971191,9.779999732971191,9.779999732971191,700
"CSTA","Constellation Acquisition Corp I Class A Ordinary Shares","2021-12-02 15:30:00-05:00",9.779999732971191,9.779999732971191,9.779999732971191,9.779999732971191,9.779999732971191,100
"CSTA","Constellation Acquisition Corp I Class A Ordinary Shares","2021-12-03 10:30:00-05:00",9.770000457763672,9.770000457763672,9.770000457763672,9.770000457763672,9.770000457763672,2900
"CSTA","Constellation Acquisition Corp I Class A Ordinary Shares","2021-12-03 11:30:00-05:00",9.779999732971191,9.779999732971191,9.779999732971191,9.779999732971191,9.779999732971191,100
"CSTA","Constellation Acquisition Corp I Class A Ordinary Shares","2021-12-03 12:30:00-05:00",9.779999732971191,9.779999732971191,9.779999732971191,9.779999732971191,9.779999732971191,110
"CSTA","Constellation Acquisition Corp I Class A Ordinary Shares","2021-12-03 14:30:00-05:00",9.770000457763672,9.770000457763672,9.770000457763672,9.770000457763672,9.770000457763672,792
"CSTA","Constellation Acquisition Corp I Class A Ordinary Shares","2021-12-07 12:30:00-05:00",9.779999732971191,9.779999732971191,9.779999732971191,9.779999732971191,9.779999732971191,9661
"CSTA","Constellation Acquisition Corp I Class A Ordinary Shares","2021-12-07 13:30:00-05:00",9.800000190734863,9.800000190734863,9.779999732971191,9.779999732971191,9.779999732971191,2158
"CSTA","Constellation Acquisition Corp I Class A Ordinary Shares","2021-12-07 14:30:00-05:00",9.779999732971191,9.779999732971191,9.779999732971191,9.779999732971191,9.779999732971191,400
"CSTA","Constellation Acquisition Corp I Class A Ordinary Shares","2021-12-07 15:30:00-05:00",9.779999732971191,9.779999732971191,9.779999732971191,9.779999732971191,9.779999732971191,600
"CSTA","Constellation Acquisition Corp I Class A Ordinary Shares","2021-12-08 09:30:00-05:00",9.770000457763672,9.770000457763672,9.770000457763672,9.770000457763672,9.770000457763672,0
"CSTA","Constellation Acquisition Corp I Class A Ordinary Shares","2021-12-08 12:30:00-05:00",9.779999732971191,9.779999732971191,9.779999732971191,9.779999732971191,9.779999732971191,4000
"CSTA","Constellation Acquisition Corp I Class A Ordinary Shares","2021-12-08 13:30:00-05:00",9.779999732971191,9.779999732971191,9.779999732971191,9.779999732971191,9.779999732971191,100
"CSTA","Constellation Acquisition Corp I Class A Ordinary Shares","2021-12-08 14:30:00-05:00",9.779999732971191,9.779999732971191,9.779999732971191,9.779999732971191,9.779999732971191,300
"CSTA","Constellation Acquisition Corp I Class A Ordinary Shares","2021-12-08 15:30:00-05:00",9.779999732971191,9.779999732971191,9.779999732971191,9.779999732971191,9.779999732971191,100
"CSTA","Constellation Acquisition Corp I Class A Ordinary Shares","2021-12-09 09:30:00-05:00",9.779999732971191,9.779999732971191,9.779999732971191,9.779999732971191,9.779999732971191,0
"CSTA","Constellation Acquisition Corp I Class A Ordinary Shares","2021-12-09 14:30:00-05:00",9.779899597167969,9.779899597167969,9.779899597167969,9.779899597167969,9.779899597167969,100
"CSTA","Constellation Acquisition Corp I Class A Ordinary Shares","2021-12-10 09:30:00-05:00",9.75,9.75,9.75,9.75,9.75,128
"CSTA","Constellation Acquisition Corp I Class A Ordinary Shares","2021-12-10 10:30:00-05:00",9.770000457763672,9.770000457763672,9.770000457763672,9.770000457763672,9.770000457763672,200000
"CSTA","Constellation Acquisition Corp I Class A Ordinary Shares","2021-12-10 11:30:00-05:00",9.770000457763672,9.770000457763672,9.770000457763672,9.770000457763672,9.770000457763672,150051
"CSTA","Constellation Acquisition Corp I Class A Ordinary Shares","2021-12-10 15:30:00-05:00",9.779999732971191,9.779999732971191,9.779999732971191,9.779999732971191,9.779999732971191,200
"CSTA","Constellation Acquisition Corp I Class A Ordinary Shares","2021-12-10 16:00:00-05:00",9.78,9.78,9.78,9.78,9.78,240
"CSTA","Constellation Acquisition Corp I Class A Ordinary Shares","2021-12-13 09:30:00-05:00",9.760000228881836,9.779999732971191,9.760000228881836,9.779999732971191,9.779999732971191,0
"CSTA","Constellation Acquisition Corp I Class A Ordinary Shares","2021-12-13 10:30:00-05:00",9.779999732971191,9.779999732971191,9.779999732971191,9.779999732971191,9.779999732971191,100
"CSTA","Constellation Acquisition Corp I Class A Ordinary Shares","2021-12-13 13:30:00-05:00",9.760000228881836,9.789999961853027,9.760000228881836,9.789999961853027,9.789999961853027,10977
"CSTA","Constellation Acquisition Corp I Class A Ordinary Shares","2021-12-13 14:30:00-05:00",9.779999732971191,9.789999961853027,9.779999732971191,9.789999961853027,9.789999961853027,313
"CSTA","Constellation Acquisition Corp I Class A Ordinary Shares","2021-12-13 15:30:00-05:00",9.789999961853027,9.789999961853027,9.789999961853027,9.789999961853027,9.789999961853027,0
"CSTA","Constellation Acquisition Corp I Class A Ordinary Shares","2021-12-14 08:00:00-05:00",9.79,9.79,9.79,9.79,9.79,0
"CSTA","Constellation Acquisition Corp I Class A Ordinary Shares","2021-12-14 16:00:00-05:00",9.79,9.79,9.79,9.79,9.79,0
"CSTA","Constellation Acquisition Corp I Class A Ordinary Shares","2021-12-16 09:30:00-05:00",9.800000190734863,9.800000190734863,9.800000190734863,9.800000190734863,9.800000190734863,205
"CSTA","Constellation Acquisition Corp I Class A Ordinary Shares","2021-12-17 09:30:00-05:00",9.770000457763672,9.800000190734863,9.770000457763672,9.770000457763672,9.770000457763672,5001
"CSTA","Constellation Acquisition Corp I Class A Ordinary Shares","2021-12-17 10:30:00-05:00",9.779999732971191,9.779999732971191,9.779999732971191,9.779999732971191,9.779999732971191,300
"CSTA","Constellation Acquisition Corp I Class A Ordinary Shares","2021-12-17 11:30:00-05:00",9.770000457763672,9.770000457763672,9.770000457763672,9.770000457763672,9.770000457763672,100
"CSTA","Constellation Acquisition Corp I Class A Ordinary Shares","2021-12-17 14:30:00-05:00",9.770000457763672,9.770000457763672,9.770000457763672,9.770000457763672,9.770000457763672,200
"CSTA","Constellation Acquisition Corp I Class A Ordinary Shares","2021-12-17 16:00:00-05:00",9.78,9.78,9.78,9.78,9.78,101
"CSTA","Constellation Acquisition Corp I Class A Ordinary Shares","2021-12-20 09:30:00-05:00",9.710000038146973,9.760000228881836,9.710000038146973,9.760000228881836,9.760000228881836,8219
"CSTA","Constellation Acquisition Corp I Class A Ordinary Shares","2021-12-20 10:30:00-05:00",9.760000228881836,9.760000228881836,9.760000228881836,9.760000228881836,9.760000228881836,300
"CSTA","Constellation Acquisition Corp I Class A Ordinary Shares","2021-12-20 11:30:00-05:00",9.770000457763672,9.770000457763672,9.770000457763672,9.770000457763672,9.770000457763672,251
"CSTA","Constellation Acquisition Corp I Class A Ordinary Shares","2021-12-20 12:30:00-05:00",9.770000457763672,9.770000457763672,9.770000457763672,9.770000457763672,9.770000457763672,200
"CSTA","Constellation Acquisition Corp I Class A Ordinary Shares","2021-12-20 13:30:00-05:00",9.770000457763672,9.770000457763672,9.770000457763672,9.770000457763672,9.770000457763672,200
"CSTA","Constellation Acquisition Corp I Class A Ordinary Shares","2021-12-20 14:30:00-05:00",9.770000457763672,9.770000457763672,9.770000457763672,9.770000457763672,9.770000457763672,265
"CSTA","Constellation Acquisition Corp I Class A Ordinary Shares","2021-12-20 15:30:00-05:00",9.770000457763672,9.770000457763672,9.729999542236328,9.729999542236328,9.729999542236328,452
"CSTA","Constellation Acquisition Corp I Class A Ordinary Shares","2021-12-21 09:30:00-05:00",9.8100004196167,9.8100004196167,9.760000228881836,9.760000228881836,9.760000228881836,0
"CSTA","Constellation Acquisition Corp I Class A Ordinary Shares","2021-12-21 15:30:00-05:00",9.770000457763672,9.770000457763672,9.770000457763672,9.770000457763672,9.770000457763672,100
"CSTA","Constellation Acquisition Corp I Class A Ordinary Shares","2021-12-22 11:30:00-05:00",9.770000457763672,9.770000457763672,9.770000457763672,9.770000457763672,9.770000457763672,6627
"CSTA","Constellation Acquisition Corp I Class A Ordinary Shares","2021-12-22 12:30:00-05:00",9.770000457763672,9.779999732971191,9.770000457763672,9.779999732971191,9.779999732971191,3487
"CSTA","Constellation Acquisition Corp I Class A Ordinary Shares","2021-12-22 13:30:00-05:00",9.779999732971191,9.779999732971191,9.779999732971191,9.779999732971191,9.779999732971191,410
"CSTA","Constellation Acquisition Corp I Class A Ordinary Shares","2021-12-22 14:30:00-05:00",9.779999732971191,9.779999732971191,9.739999771118164,9.779999732971191,9.779999732971191,567
"CSTA","Constellation Acquisition Corp I Class A Ordinary Shares","2021-12-22 15:30:00-05:00",9.739999771118164,9.760000228881836,9.739999771118164,9.760000228881836,9.760000228881836,1395
"CSTA","Constellation Acquisition Corp I Class A Ordinary Shares","2021-12-23 12:30:00-05:00",9.770000457763672,9.779999732971191,9.770000457763672,9.779999732971191,9.779999732971191,200
"CSTA","Constellation Acquisition Corp I Class A Ordinary Shares","2021-12-23 13:30:00-05:00",9.765000343322754,9.765000343322754,9.765000343322754,9.765000343322754,9.765000343322754,225
"CSTA","Constellation Acquisition Corp I Class A Ordinary Shares","2021-12-23 14:30:00-05:00",9.789999961853027,9.800000190734863,9.789999961853027,9.800000190734863,9.800000190734863,400
"CSTA","Constellation Acquisition Corp I Class A Ordinary Shares","2021-12-23 15:30:00-05:00",9.8100004196167,9.8100004196167,9.75,9.75,9.75,2883
"CSTA","Constellation Acquisition Corp I Class A Ordinary Shares","2021-12-23 16:00:00-05:00",9.75,9.75,9.75,9.75,9.75,237
"CSTA","Constellation Acquisition Corp I Class A Ordinary Shares","2021-12-27 09:30:00-05:00",9.75,9.750100135803224,9.75,9.750100135803224,9.750100135803224,0
"CSTA","Constellation Acquisition Corp I Class A Ordinary Shares","2021-12-27 15:30:00-05:00",9.760000228881836,9.760000228881836,9.760000228881836,9.760000228881836,9.760000228881836,0
"CSTA","Constellation Acquisition Corp I Class A Ordinary Shares","2021-12-28 12:30:00-05:00",9.739999771118164,9.739999771118164,9.739999771118164,9.739999771118164,9.739999771118164,5857
"CSTA","Constellation Acquisition Corp I Class A Ordinary Shares","2021-12-28 14:30:00-05:00",9.789999961853027,9.789999961853027,9.789999961853027,9.789999961853027,9.789999961853027,602
"CSTA","Constellation Acquisition Corp I Class A Ordinary Shares","2021-12-29 10:30:00-05:00",9.739999771118164,9.760000228881836,9.739999771118164,9.760000228881836,9.760000228881836,1856
"CSTA","Constellation Acquisition Corp I Class A Ordinary Shares","2021-12-29 11:30:00-05:00",9.760000228881836,9.760000228881836,9.760000228881836,9.760000228881836,9.760000228881836,300
"CSTA","Constellation Acquisition Corp I Class A Ordinary Shares","2021-12-29 12:30:00-05:00",9.760000228881836,9.760000228881836,9.760000228881836,9.760000228881836,9.760000228881836,460
"CSTA","Constellation Acquisition Corp I Class A Ordinary Shares","2021-12-29 13:30:00-05:00",9.760000228881836,9.760000228881836,9.760000228881836,9.760000228881836,9.760000228881836,100
"CSTA","Constellation Acquisition Corp I Class A Ordinary Shares","2021-12-29 15:30:00-05:00",9.760000228881836,9.760000228881836,9.760000228881836,9.760000228881836,9.760000228881836,167
"CSTA","Constellation Acquisition Corp I Class A Ordinary Shares","2021-12-30 09:30:00-05:00",9.760000228881836,9.760000228881836,9.75,9.760000228881836,9.760000228881836,23343
"CSTA","Constellation Acquisition Corp I Class A Ordinary Shares","2021-12-30 10:30:00-05:00",9.760000228881836,9.760000228881836,9.739999771118164,9.760000228881836,9.760000228881836,1300
"CSTA","Constellation Acquisition Corp I Class A Ordinary Shares","2021-12-30 11:30:00-05:00",9.770000457763672,9.770000457763672,9.73009967803955,9.770000457763672,9.770000457763672,5500
"CSTA","Constellation Acquisition Corp I Class A Ordinary Shares","2021-12-30 12:30:00-05:00",9.760000228881836,9.770000457763672,9.760000228881836,9.770000457763672,9.770000457763672,500
"CSTA","Constellation Acquisition Corp I Class A Ordinary Shares","2021-12-30 13:30:00-05:00",9.770000457763672,9.770000457763672,9.770000457763672,9.770000457763672,9.770000457763672,600
"CSTA","Constellation Acquisition Corp I Class A Ordinary Shares","2021-12-30 14:30:00-05:00",9.770000457763672,9.770000457763672,9.770000457763672,9.770000457763672,9.770000457763672,600
"CSTA","Constellation Acquisition Corp I Class A Ordinary Shares","2021-12-30 15:30:00-05:00",9.770000457763672,9.770000457763672,9.760000228881836,9.770000457763672,9.770000457763672,1195
"CSTA","Constellation Acquisition Corp I Class A Ordinary Shares","2021-12-30 16:00:00-05:00",9.78,9.78,9.78,9.78,9.78,0
